-- phpMyAdmin SQL Dump
-- version 4.3.11
-- http://www.phpmyadmin.net
--
-- Servidor: 127.0.0.1
-- Tiempo de generación: 01-02-2017 a las 18:09:28
-- Versión del servidor: 5.6.21
-- Versión de PHP: 5.6.8

SET SQL_MODE = "NO_AUTO_VALUE_ON_ZERO";
SET time_zone = "+00:00";


/*!40101 SET @OLD_CHARACTER_SET_CLIENT=@@CHARACTER_SET_CLIENT */;
/*!40101 SET @OLD_CHARACTER_SET_RESULTS=@@CHARACTER_SET_RESULTS */;
/*!40101 SET @OLD_COLLATION_CONNECTION=@@COLLATION_CONNECTION */;
/*!40101 SET NAMES utf8 */;

--
-- Base de datos: `param`
--

-- --------------------------------------------------------

--
-- Estructura de tabla para la tabla `departamento`
--

CREATE TABLE IF NOT EXISTS `departamento` (
  `id` int(11) NOT NULL,
  `nombre` varchar(20) NOT NULL
) ENGINE=InnoDB DEFAULT CHARSET=latin1;

--
-- Volcado de datos para la tabla `departamento`
--

INSERT INTO `departamento` (`id`, `nombre`) VALUES
(1, 'AMAZONAS'),
(2, 'ANTIOQUIA'),
(3, 'ARAUCA'),
(4, 'ATLÁNTICO'),
(5, 'BOLÍVAR'),
(6, 'BOYACÁ'),
(7, 'CALDAS'),
(8, 'CAQUETÁ'),
(9, 'CASANARE'),
(10, 'CAUCA'),
(11, 'CESAR'),
(12, 'CHOCÓ'),
(13, 'CÓRDOBA'),
(14, 'CUNDINAMARCA'),
(15, 'GUAINÍA'),
(16, 'GUAVIARE'),
(17, 'HUILA'),
(18, 'LA GUAJIRA'),
(19, 'MAGDALENA'),
(20, 'META'),
(21, 'NARIÑO'),
(22, 'NORTE DE SANTANDER'),
(23, 'PUTUMAYO'),
(24, 'QUINDÍO'),
(25, 'RISARALDA'),
(26, 'SAN ANDRÉS Y ROVIDEN'),
(27, 'SANTANDER'),
(28, 'SUCRE'),
(29, 'TOLIMA'),
(30, 'VALLE DEL CAUCA'),
(31, 'VAUPÉS'),
(32, 'VICHADA');

-- --------------------------------------------------------

--
-- Estructura de tabla para la tabla `municipio`
--

CREATE TABLE IF NOT EXISTS `municipio` (
  `id` int(11) NOT NULL,
  `nombre` varchar(100) NOT NULL,
  `id_departamento` int(11) NOT NULL
) ENGINE=InnoDB DEFAULT CHARSET=latin1;

--
-- Volcado de datos para la tabla `municipio`
--

INSERT INTO `municipio` (`id`, `nombre`, `id_departamento`) VALUES
(1, 'EL ENCANTO', 1),
(2, 'LA CHORRERA', 1),
(3, 'LA PEDRERA', 1),
(4, 'LA VICTORIA', 1),
(5, 'LETICIA', 1),
(6, 'MIRITI', 1),
(7, 'PUERTO ALEGRIA', 1),
(8, 'PUERTO ARICA', 1),
(9, 'PUERTO NARIÑO', 1),
(10, 'PUERTO SANTANDER', 1),
(11, 'TURAPACA', 1),
(12, 'ABEJORRAL', 2),
(13, 'ABRIAQUI', 2),
(14, 'ALEJANDRIA', 2),
(15, 'AMAGA', 2),
(16, 'AMALFI', 2),
(17, 'ANDES', 2),
(18, 'ANGELOPOLIS', 2),
(19, 'ANGOSTURA', 2),
(20, 'ANORI', 2),
(21, 'ANTIOQUIA', 2),
(22, 'ANZA', 2),
(23, 'APARTADO', 2),
(24, 'ARBOLETES', 2),
(25, 'ARGELIA', 2),
(26, 'ARMENIA', 2),
(27, 'BARBOSA', 2),
(28, 'BELLO', 2),
(29, 'BELMIRA', 2),
(30, 'BETANIA', 2),
(31, 'BETULIA', 2),
(32, 'BOLIVAR', 2),
(33, 'BRICEÑO', 2),
(34, 'BURITICA', 2),
(35, 'CACERES', 2),
(36, 'CAICEDO', 2),
(37, 'CALDAS', 2),
(38, 'CAMPAMENTO', 2),
(39, 'CANASGORDAS', 2),
(40, 'CARACOLI', 2),
(41, 'CARAMANTA', 2),
(42, 'CAREPA', 2),
(43, 'CARMEN DE VIBORAL', 2),
(44, 'CAROLINA DEL PRINCIPE', 2),
(45, 'CAUCASIA', 2),
(46, 'CHIGORODO', 2),
(47, 'CISNEROS', 2),
(48, 'COCORNA', 2),
(49, 'CONCEPCION', 2),
(50, 'CONCORDIA', 2),
(51, 'COPACABANA', 2),
(52, 'DABEIBA', 2),
(53, 'DONMATIAS', 2),
(54, 'EBEJICO', 2),
(55, 'EL BAGRE', 2),
(56, 'EL PENOL', 2),
(57, 'EL RETIRO', 2),
(58, 'ENTRERRIOS', 2),
(59, 'ENVIGADO', 2),
(60, 'FREDONIA', 2),
(61, 'FRONTINO', 2),
(62, 'GIRALDO', 2),
(63, 'GIRARDOTA', 2),
(64, 'GOMEZ PLATA', 2),
(65, 'GRANADA', 2),
(66, 'GUADALUPE', 2),
(67, 'GUARNE', 2),
(68, 'GUATAQUE', 2),
(69, 'HELICONIA', 2),
(70, 'HISPANIA', 2),
(71, 'ITAGUI', 2),
(72, 'ITUANGO', 2),
(73, 'JARDIN', 2),
(74, 'JERICO', 2),
(75, 'LA CEJA', 2),
(76, 'LA ESTRELLA', 2),
(77, 'LA PINTADA', 2),
(78, 'LA UNION', 2),
(79, 'LIBORINA', 2),
(80, 'MACEO', 2),
(81, 'MARINILLA', 2),
(82, 'MEDELLIN', 2),
(83, 'MONTEBELLO', 2),
(84, 'MURINDO', 2),
(85, 'MUTATA', 2),
(86, 'NARINO', 2),
(87, 'NECHI', 2),
(88, 'NECOCLI', 2),
(89, 'OLAYA', 2),
(90, 'PEQUE', 2),
(91, 'PUEBLORRICO', 2),
(92, 'PUERTO BERRIO', 2),
(93, 'PUERTO NARE', 2),
(94, 'PUERTO TRIUNFO', 2),
(95, 'REMEDIOS', 2),
(96, 'RIONEGRO', 2),
(97, 'SABANALARGA', 2),
(98, 'SABANETA', 2),
(99, 'SALGAR', 2),
(100, 'SAN ANDRES DE CUERQUIA', 2),
(101, 'SAN CARLOS', 2),
(102, 'SAN FRANCISCO', 2),
(103, 'SAN JERONIMO', 2),
(104, 'SAN JOSE DE LA MONTAÑA', 2),
(105, 'SAN JUAN DE URABA', 2),
(106, 'SAN LUIS', 2),
(107, 'SAN PEDRO DE LOS MILAGROS', 2),
(108, 'SAN PEDRO DE URABA', 2),
(109, 'SAN RAFAEL', 2),
(110, 'SAN ROQUE', 2),
(111, 'SAN VICENTE', 2),
(112, 'SANTA BARBARA', 2),
(113, 'SANTA ROSA DE OSOS', 2),
(114, 'SANTO DOMINGO', 2),
(115, 'SANTUARIO', 2),
(116, 'SEGOVIA', 2),
(117, 'SONSON', 2),
(118, 'SOPETRAN', 2),
(119, 'TAMESIS', 2),
(120, 'TARAZA', 2),
(121, 'TARSO', 2),
(122, 'TITIRIBI', 2),
(123, 'TOLEDO', 2),
(124, 'TURBO', 2),
(125, 'URAMITA', 2),
(126, 'URRAO', 2),
(127, 'VALDIVIA', 2),
(128, 'VALPARAISO', 2),
(129, 'VEGACHI', 2),
(130, 'VENECIA', 2),
(131, 'VIGIA DEL FUERTE', 2),
(132, 'YALI', 2),
(133, 'YARUMAL', 2),
(134, 'YOLOMBO', 2),
(135, 'YONDO', 2),
(136, 'ZARAGOZA', 2),
(137, 'ARAUCA', 3),
(138, 'ARAUQUITA', 3),
(139, 'CRAVO NORTE', 3),
(140, 'FORTUL', 3),
(141, 'PUERTO RONDON', 3),
(142, 'SARAVENA', 3),
(143, 'TAME', 3),
(144, 'BARANOA', 4),
(145, 'BARRANQUILLA', 4),
(146, 'CAMPO DE LA CRUZ', 4),
(147, 'CANDELARIA', 4),
(148, 'GALAPA', 4),
(149, 'JUAN DE ACOSTA', 4),
(150, 'LURUACO', 4),
(151, 'MALAMBO', 4),
(152, 'MANATI', 4),
(153, 'PALMAR DE VARELA', 4),
(154, 'PIOJO', 4),
(155, 'POLO NUEVO', 4),
(156, 'PONEDERA', 4),
(157, 'PUERTO COLOMBIA', 4),
(158, 'REPELON', 4),
(159, 'SABANAGRANDE', 4),
(160, 'SABANALARGA', 4),
(161, 'SANTA LUCIA', 4),
(162, 'SANTO TOMAS', 4),
(163, 'SOLEDAD', 4),
(164, 'SUAN', 4),
(165, 'TUBARA', 4),
(166, 'USIACURI', 4),
(167, 'ACHI', 5),
(168, 'ALTOS DEL ROSARIO', 5),
(169, 'ARENAL', 5),
(170, 'ARJONA', 5),
(171, 'ARROYOHONDO', 5),
(172, 'BARRANCO DE LOBA', 5),
(173, 'BRAZUELO DE PAPAYAL', 5),
(174, 'CALAMAR', 5),
(175, 'CANTAGALLO', 5),
(176, 'CARTAGENA DE INDIAS', 5),
(177, 'CICUCO', 5),
(178, 'CLEMENCIA', 5),
(179, 'CORDOBA', 5),
(180, 'EL CARMEN DE BOLIVAR', 5),
(181, 'EL GUAMO', 5),
(182, 'EL PENION', 5),
(183, 'HATILLO DE LOBA', 5),
(184, 'MAGANGUE', 5),
(185, 'MAHATES', 5),
(186, 'MARGARITA', 5),
(187, 'MARIA LA BAJA', 5),
(188, 'MONTECRISTO', 5),
(189, 'MORALES', 5),
(190, 'MORALES', 5),
(191, 'NOROSI', 5),
(192, 'PINILLOS', 5),
(193, 'REGIDOR', 5),
(194, 'RIO VIEJO', 5),
(195, 'SAN CRISTOBAL', 5),
(196, 'SAN ESTANISLAO', 5),
(197, 'SAN FERNANDO', 5),
(198, 'SAN JACINTO', 5),
(199, 'SAN JACINTO DEL CAUCA', 5),
(200, 'SAN JUAN DE NEPOMUCENO', 5),
(201, 'SAN MARTIN DE LOBA', 5),
(202, 'SAN PABLO', 5),
(203, 'SAN PABLO NORTE', 5),
(204, 'SANTA CATALINA', 5),
(205, 'SANTA CRUZ DE MOMPOX', 5),
(206, 'SANTA ROSA', 5),
(207, 'SANTA ROSA DEL SUR', 5),
(208, 'SIMITI', 5),
(209, 'SOPLAVIENTO', 5),
(210, 'TALAIGUA NUEVO', 5),
(211, 'TUQUISIO', 5),
(212, 'TURBACO', 5),
(213, 'TURBANA', 5),
(214, 'VILLANUEVA', 5),
(215, 'ZAMBRANO', 5),
(216, 'AQUITANIA', 6),
(217, 'ARCABUCO', 6),
(218, 'BELÉN', 6),
(219, 'BERBEO', 6),
(220, 'BETÉITIVA', 6),
(221, 'BOAVITA', 6),
(222, 'BOYACÁ', 6),
(223, 'BRICEÑO', 6),
(224, 'BUENAVISTA', 6),
(225, 'BUSBANZÁ', 6),
(226, 'CALDAS', 6),
(227, 'CAMPO HERMOSO', 6),
(228, 'CERINZA', 6),
(229, 'CHINAVITA', 6),
(230, 'CHIQUINQUIRÁ', 6),
(231, 'CHÍQUIZA', 6),
(232, 'CHISCAS', 6),
(233, 'CHITA', 6),
(234, 'CHITARAQUE', 6),
(235, 'CHIVATÁ', 6),
(236, 'CIÉNEGA', 6),
(237, 'CÓMBITA', 6),
(238, 'COPER', 6),
(239, 'CORRALES', 6),
(240, 'COVARACHÍA', 6),
(241, 'CUBARA', 6),
(242, 'CUCAITA', 6),
(243, 'CUITIVA', 6),
(244, 'DUITAMA', 6),
(245, 'EL COCUY', 6),
(246, 'EL ESPINO', 6),
(247, 'FIRAVITOBA', 6),
(248, 'FLORESTA', 6),
(249, 'GACHANTIVÁ', 6),
(250, 'GÁMEZA', 6),
(251, 'GARAGOA', 6),
(252, 'GUACAMAYAS', 6),
(253, 'GÜICÁN', 6),
(254, 'IZA', 6),
(255, 'JENESANO', 6),
(256, 'JERICÓ', 6),
(257, 'LA UVITA', 6),
(258, 'LA VICTORIA', 6),
(259, 'LABRANZA GRANDE', 6),
(260, 'MACANAL', 6),
(261, 'MARIPÍ', 6),
(262, 'MIRAFLORES', 6),
(263, 'MONGUA', 6),
(264, 'MONGUÍ', 6),
(265, 'MONIQUIRÁ', 6),
(266, 'MOTAVITA', 6),
(267, 'MUZO', 6),
(268, 'NOBSA', 6),
(269, 'NUEVO COLÓN', 6),
(270, 'OICATÁ', 6),
(271, 'OTANCHE', 6),
(272, 'PACHAVITA', 6),
(273, 'PÁEZ', 6),
(274, 'PAIPA', 6),
(275, 'PAJARITO', 6),
(276, 'PANQUEBA', 6),
(277, 'PAUNA', 6),
(278, 'PAYA', 6),
(279, 'PAZ DE RÍO', 6),
(280, 'PESCA', 6),
(281, 'PISBA', 6),
(282, 'PUERTO BOYACA', 6),
(283, 'QUÍPAMA', 6),
(284, 'RAMIRIQUÍ', 6),
(285, 'RÁQUIRA', 6),
(286, 'RONDÓN', 6),
(287, 'SABOYÁ', 6),
(288, 'SÁCHICA', 6),
(289, 'SAMACÁ', 6),
(290, 'SAN EDUARDO', 6),
(291, 'SAN JOSÉ DE PARE', 6),
(292, 'SAN LUÍS DE GACENO', 6),
(293, 'SAN MATEO', 6),
(294, 'SAN MIGUEL DE SEMA', 6),
(295, 'SAN PABLO DE BORBUR', 6),
(296, 'SANTA MARÍA', 6),
(297, 'SANTA ROSA DE VITERBO', 6),
(298, 'SANTA SOFÍA', 6),
(299, 'SANTANA', 6),
(300, 'SATIVANORTE', 6),
(301, 'SATIVASUR', 6),
(302, 'SIACHOQUE', 6),
(303, 'SOATÁ', 6),
(304, 'SOCHA', 6),
(305, 'SOCOTÁ', 6),
(306, 'SOGAMOSO', 6),
(307, 'SORA', 6),
(308, 'SORACÁ', 6),
(309, 'SOTAQUIRÁ', 6),
(310, 'SUSACÓN', 6),
(311, 'SUTARMACHÁN', 6),
(312, 'TASCO', 6),
(313, 'TIBANÁ', 6),
(314, 'TIBASOSA', 6),
(315, 'TINJACÁ', 6),
(316, 'TIPACOQUE', 6),
(317, 'TOCA', 6),
(318, 'TOGÜÍ', 6),
(319, 'TÓPAGA', 6),
(320, 'TOTA', 6),
(321, 'TUNJA', 6),
(322, 'TUNUNGUÁ', 6),
(323, 'TURMEQUÉ', 6),
(324, 'TUTA', 6),
(325, 'TUTAZÁ', 6),
(326, 'UMBITA', 6),
(327, 'VENTA QUEMADA', 6),
(328, 'VILLA DE LEYVA', 6),
(329, 'VIRACACHÁ', 6),
(330, 'ZETAQUIRA', 6),
(331, 'AGUADAS', 7),
(332, 'ANSERMA', 7),
(333, 'ARANZAZU', 7),
(334, 'BELALCAZAR', 7),
(335, 'CHINCHINÁ', 7),
(336, 'FILADELFIA', 7),
(337, 'LA DORADA', 7),
(338, 'LA MERCED', 7),
(339, 'MANIZALES', 7),
(340, 'MANZANARES', 7),
(341, 'MARMATO', 7),
(342, 'MARQUETALIA', 7),
(343, 'MARULANDA', 7),
(344, 'NEIRA', 7),
(345, 'NORCASIA', 7),
(346, 'PACORA', 7),
(347, 'PALESTINA', 7),
(348, 'PENSILVANIA', 7),
(349, 'RIOSUCIO', 7),
(350, 'RISARALDA', 7),
(351, 'SALAMINA', 7),
(352, 'SAMANA', 7),
(353, 'SAN JOSE', 7),
(354, 'SUPÍA', 7),
(355, 'VICTORIA', 7),
(356, 'VILLAMARÍA', 7),
(357, 'VITERBO', 7),
(358, 'ALBANIA', 8),
(359, 'BELÉN ANDAQUIES', 8),
(360, 'CARTAGENA DEL CHAIRA', 8),
(361, 'CURILLO', 8),
(362, 'EL DONCELLO', 8),
(363, 'EL PAUJIL', 8),
(364, 'FLORENCIA', 8),
(365, 'LA MONTAÑITA', 8),
(366, 'MILÁN', 8),
(367, 'MORELIA', 8),
(368, 'PUERTO RICO', 8),
(369, 'SAN  VICENTE DEL CAGUAN', 8),
(370, 'SAN JOSÉ DE FRAGUA', 8),
(371, 'SOLANO', 8),
(372, 'SOLITA', 8),
(373, 'VALPARAÍSO', 8),
(374, 'AGUAZUL', 9),
(375, 'CHAMEZA', 9),
(376, 'HATO COROZAL', 9),
(377, 'LA SALINA', 9),
(378, 'MANÍ', 9),
(379, 'MONTERREY', 9),
(380, 'NUNCHIA', 9),
(381, 'OROCUE', 9),
(382, 'PAZ DE ARIPORO', 9),
(383, 'PORE', 9),
(384, 'RECETOR', 9),
(385, 'SABANA LARGA', 9),
(386, 'SACAMA', 9),
(387, 'SAN LUIS DE PALENQUE', 9),
(388, 'TAMARA', 9),
(389, 'TAURAMENA', 9),
(390, 'TRINIDAD', 9),
(391, 'VILLANUEVA', 9),
(392, 'YOPAL', 9),
(393, 'ALMAGUER', 10),
(394, 'ARGELIA', 10),
(395, 'BALBOA', 10),
(396, 'BOLÍVAR', 10),
(397, 'BUENOS AIRES', 10),
(398, 'CAJIBIO', 10),
(399, 'CALDONO', 10),
(400, 'CALOTO', 10),
(401, 'CORINTO', 10),
(402, 'EL TAMBO', 10),
(403, 'FLORENCIA', 10),
(404, 'GUAPI', 10),
(405, 'INZA', 10),
(406, 'JAMBALÓ', 10),
(407, 'LA SIERRA', 10),
(408, 'LA VEGA', 10),
(409, 'LÓPEZ', 10),
(410, 'MERCADERES', 10),
(411, 'MIRANDA', 10),
(412, 'MORALES', 10),
(413, 'PADILLA', 10),
(414, 'PÁEZ', 10),
(415, 'PATIA (EL BORDO)', 10),
(416, 'PIAMONTE', 10),
(417, 'PIENDAMO', 10),
(418, 'POPAYÁN', 10),
(419, 'PUERTO TEJADA', 10),
(420, 'PURACE', 10),
(421, 'ROSAS', 10),
(422, 'SAN SEBASTIÁN', 10),
(423, 'SANTA ROSA', 10),
(424, 'SANTANDER DE QUILICHAO', 10),
(425, 'SILVIA', 10),
(426, 'SOTARA', 10),
(427, 'SUÁREZ', 10),
(428, 'SUCRE', 10),
(429, 'TIMBÍO', 10),
(430, 'TIMBIQUÍ', 10),
(431, 'TORIBIO', 10),
(432, 'TOTORO', 10),
(433, 'VILLA RICA', 10),
(434, 'AGUACHICA', 11),
(435, 'AGUSTÍN CODAZZI', 11),
(436, 'ASTREA', 11),
(437, 'BECERRIL', 11),
(438, 'BOSCONIA', 11),
(439, 'CHIMICHAGUA', 11),
(440, 'CHIRIGUANÁ', 11),
(441, 'CURUMANÍ', 11),
(442, 'EL COPEY', 11),
(443, 'EL PASO', 11),
(444, 'GAMARRA', 11),
(445, 'GONZÁLEZ', 11),
(446, 'LA GLORIA', 11),
(447, 'LA JAGUA IBIRICO', 11),
(448, 'MANAURE BALCÓN DEL CESAR', 11),
(449, 'PAILITAS', 11),
(450, 'PELAYA', 11),
(451, 'PUEBLO BELLO', 11),
(452, 'RÍO DE ORO', 11),
(453, 'ROBLES (LA PAZ)', 11),
(454, 'SAN ALBERTO', 11),
(455, 'SAN DIEGO', 11),
(456, 'SAN MARTÍN', 11),
(457, 'TAMALAMEQUE', 11),
(458, 'VALLEDUPAR', 11),
(459, 'ACANDI', 12),
(460, 'ALTO BAUDO (PIE DE PATO)', 12),
(461, 'ATRATO', 12),
(462, 'BAGADO', 12),
(463, 'BAHIA SOLANO (MUTIS)', 12),
(464, 'BAJO BAUDO (PIZARRO)', 12),
(465, 'BOJAYA (BELLAVISTA)', 12),
(466, 'CANTON DE SAN PABLO', 12),
(467, 'CARMEN DEL DARIEN', 12),
(468, 'CERTEGUI', 12),
(469, 'CONDOTO', 12),
(470, 'EL CARMEN', 12),
(471, 'ISTMINA', 12),
(472, 'JURADO', 12),
(473, 'LITORAL DEL SAN JUAN', 12),
(474, 'LLORO', 12),
(475, 'MEDIO ATRATO', 12),
(476, 'MEDIO BAUDO (BOCA DE PEPE)', 12),
(477, 'MEDIO SAN JUAN', 12),
(478, 'NOVITA', 12),
(479, 'NUQUI', 12),
(480, 'QUIBDO', 12),
(481, 'RIO IRO', 12),
(482, 'RIO QUITO', 12),
(483, 'RIOSUCIO', 12),
(484, 'SAN JOSE DEL PALMAR', 12),
(485, 'SIPI', 12),
(486, 'TADO', 12),
(487, 'UNGUIA', 12),
(488, 'UNIÓN PANAMERICANA', 12),
(489, 'AYAPEL', 13),
(490, 'BUENAVISTA', 13),
(491, 'CANALETE', 13),
(492, 'CERETÉ', 13),
(493, 'CHIMA', 13),
(494, 'CHINÚ', 13),
(495, 'CIENAGA DE ORO', 13),
(496, 'COTORRA', 13),
(497, 'LA APARTADA', 13),
(498, 'LORICA', 13),
(499, 'LOS CÓRDOBAS', 13),
(500, 'MOMIL', 13),
(501, 'MONTELÍBANO', 13),
(502, 'MONTERÍA', 13),
(503, 'MOÑITOS', 13),
(504, 'PLANETA RICA', 13),
(505, 'PUEBLO NUEVO', 13),
(506, 'PUERTO ESCONDIDO', 13),
(507, 'PUERTO LIBERTADOR', 13),
(508, 'PURÍSIMA', 13),
(509, 'SAHAGÚN', 13),
(510, 'SAN ANDRÉS SOTAVENTO', 13),
(511, 'SAN ANTERO', 13),
(512, 'SAN BERNARDO VIENTO', 13),
(513, 'SAN CARLOS', 13),
(514, 'SAN PELAYO', 13),
(515, 'TIERRALTA', 13),
(516, 'VALENCIA', 13),
(517, 'AGUA DE DIOS', 14),
(518, 'ALBAN', 14),
(519, 'ANAPOIMA', 14),
(520, 'ANOLAIMA', 14),
(521, 'ARBELAEZ', 14),
(522, 'BELTRÁN', 14),
(523, 'BITUIMA', 14),
(524, 'BOGOTÁ DC', 14),
(525, 'BOJACÁ', 14),
(526, 'CABRERA', 14),
(527, 'CACHIPAY', 14),
(528, 'CAJICÁ', 14),
(529, 'CAPARRAPÍ', 14),
(530, 'CAQUEZA', 14),
(531, 'CARMEN DE CARUPA', 14),
(532, 'CHAGUANÍ', 14),
(533, 'CHIA', 14),
(534, 'CHIPAQUE', 14),
(535, 'CHOACHÍ', 14),
(536, 'CHOCONTÁ', 14),
(537, 'COGUA', 14),
(538, 'COTA', 14),
(539, 'CUCUNUBÁ', 14),
(540, 'EL COLEGIO', 14),
(541, 'EL PEÑÓN', 14),
(542, 'EL ROSAL1', 14),
(543, 'FACATATIVA', 14),
(544, 'FÓMEQUE', 14),
(545, 'FOSCA', 14),
(546, 'FUNZA', 14),
(547, 'FÚQUENE', 14),
(548, 'FUSAGASUGA', 14),
(549, 'GACHALÁ', 14),
(550, 'GACHANCIPÁ', 14),
(551, 'GACHETA', 14),
(552, 'GAMA', 14),
(553, 'GIRARDOT', 14),
(554, 'GRANADA2', 14),
(555, 'GUACHETÁ', 14),
(556, 'GUADUAS', 14),
(557, 'GUASCA', 14),
(558, 'GUATAQUÍ', 14),
(559, 'GUATAVITA', 14),
(560, 'GUAYABAL DE SIQUIMA', 14),
(561, 'GUAYABETAL', 14),
(562, 'GUTIÉRREZ', 14),
(563, 'JERUSALÉN', 14),
(564, 'JUNÍN', 14),
(565, 'LA CALERA', 14),
(566, 'LA MESA', 14),
(567, 'LA PALMA', 14),
(568, 'LA PEÑA', 14),
(569, 'LA VEGA', 14),
(570, 'LENGUAZAQUE', 14),
(571, 'MACHETÁ', 14),
(572, 'MADRID', 14),
(573, 'MANTA', 14),
(574, 'MEDINA', 14),
(575, 'MOSQUERA', 14),
(576, 'NARIÑO', 14),
(577, 'NEMOCÓN', 14),
(578, 'NILO', 14),
(579, 'NIMAIMA', 14),
(580, 'NOCAIMA', 14),
(581, 'OSPINA PÉREZ', 14),
(582, 'PACHO', 14),
(583, 'PAIME', 14),
(584, 'PANDI', 14),
(585, 'PARATEBUENO', 14),
(586, 'PASCA', 14),
(587, 'PUERTO SALGAR', 14),
(588, 'PULÍ', 14),
(589, 'QUEBRADANEGRA', 14),
(590, 'QUETAME', 14),
(591, 'QUIPILE', 14),
(592, 'RAFAEL REYES', 14),
(593, 'RICAURTE', 14),
(594, 'SAN  ANTONIO DEL  TEQUENDAMA', 14),
(595, 'SAN BERNARDO', 14),
(596, 'SAN CAYETANO', 14),
(597, 'SAN FRANCISCO', 14),
(598, 'SAN JUAN DE RIOSECO', 14),
(599, 'SASAIMA', 14),
(600, 'SESQUILÉ', 14),
(601, 'SIBATÉ', 14),
(602, 'SILVANIA', 14),
(603, 'SIMIJACA', 14),
(604, 'SOACHA', 14),
(605, 'SOPO', 14),
(606, 'SUBACHOQUE', 14),
(607, 'SUESCA', 14),
(608, 'SUPATÁ', 14),
(609, 'SUSA', 14),
(610, 'SUTATAUSA', 14),
(611, 'TABIO', 14),
(612, 'TAUSA', 14),
(613, 'TENA', 14),
(614, 'TENJO', 14),
(615, 'TIBACUY', 14),
(616, 'TIBIRITA', 14),
(617, 'TOCAIMA', 14),
(618, 'TOCANCIPÁ', 14),
(619, 'TOPAIPÍ', 14),
(620, 'UBALÁ', 14),
(621, 'UBAQUE', 14),
(622, 'UBATÉ', 14),
(623, 'UNE', 14),
(624, 'UTICA', 14),
(625, 'VERGARA', 14),
(626, 'VIANI', 14),
(627, 'VILLA GOMEZ', 14),
(628, 'VILLA PINZÓN', 14),
(629, 'VILLETA', 14),
(630, 'VIOTA', 14),
(631, 'YACOPÍ', 14),
(632, 'ZIPACÓN', 14),
(633, 'ZIPAQUIRÁ', 14),
(634, 'BARRANCO MINAS', 15),
(635, 'CACAHUAL', 15),
(636, 'INÍRIDA', 15),
(637, 'LA GUADALUPE', 15),
(638, 'MAPIRIPANA', 15),
(639, 'MORICHAL', 15),
(640, 'PANA PANA', 15),
(641, 'PUERTO COLOMBIA', 15),
(642, 'SAN FELIPE', 15),
(643, 'CALAMAR', 16),
(644, 'EL RETORNO', 16),
(645, 'MIRAFLOREZ', 16),
(646, 'SAN JOSÉ DEL GUAVIARE', 16),
(647, 'ACEVEDO', 17),
(648, 'AGRADO', 17),
(649, 'AIPE', 17),
(650, 'ALGECIRAS', 17),
(651, 'ALTAMIRA', 17),
(652, 'BARAYA', 17),
(653, 'CAMPO ALEGRE', 17),
(654, 'COLOMBIA', 17),
(655, 'ELIAS', 17),
(656, 'GARZÓN', 17),
(657, 'GIGANTE', 17),
(658, 'GUADALUPE', 17),
(659, 'HOBO', 17),
(660, 'IQUIRA', 17),
(661, 'ISNOS', 17),
(662, 'LA ARGENTINA', 17),
(663, 'LA PLATA', 17),
(664, 'NATAGA', 17),
(665, 'NEIVA', 17),
(666, 'OPORAPA', 17),
(667, 'PAICOL', 17),
(668, 'PALERMO', 17),
(669, 'PALESTINA', 17),
(670, 'PITAL', 17),
(671, 'PITALITO', 17),
(672, 'RIVERA', 17),
(673, 'SALADO BLANCO', 17),
(674, 'SAN AGUSTÍN', 17),
(675, 'SANTA MARIA', 17),
(676, 'SUAZA', 17),
(677, 'TARQUI', 17),
(678, 'TELLO', 17),
(679, 'TERUEL', 17),
(680, 'TESALIA', 17),
(681, 'TIMANA', 17),
(682, 'VILLAVIEJA', 17),
(683, 'YAGUARA', 17),
(684, 'ALBANIA', 18),
(685, 'BARRANCAS', 18),
(686, 'DIBULLA', 18),
(687, 'DISTRACCIÓN', 18),
(688, 'EL MOLINO', 18),
(689, 'FONSECA', 18),
(690, 'HATO NUEVO', 18),
(691, 'LA JAGUA DEL PILAR', 18),
(692, 'MAICAO', 18),
(693, 'MANAURE', 18),
(694, 'RIOHACHA', 18),
(695, 'SAN JUAN DEL CESAR', 18),
(696, 'URIBIA', 18),
(697, 'URUMITA', 18),
(698, 'VILLANUEVA', 18),
(699, 'ALGARROBO', 19),
(700, 'ARACATACA', 19),
(701, 'ARIGUANI', 19),
(702, 'CERRO SAN ANTONIO', 19),
(703, 'CHIVOLO', 19),
(704, 'CIENAGA', 19),
(705, 'CONCORDIA', 19),
(706, 'EL BANCO', 19),
(707, 'EL PIÑON', 19),
(708, 'EL RETEN', 19),
(709, 'FUNDACION', 19),
(710, 'GUAMAL', 19),
(711, 'NUEVA GRANADA', 19),
(712, 'PEDRAZA', 19),
(713, 'PIJIÑO DEL CARMEN', 19),
(714, 'PIVIJAY', 19),
(715, 'PLATO', 19),
(716, 'PUEBLO VIEJO', 19),
(717, 'REMOLINO', 19),
(718, 'SABANAS DE SAN ANGEL', 19),
(719, 'SALAMINA', 19),
(720, 'SAN SEBASTIAN DE BUENAVISTA', 19),
(721, 'SAN ZENON', 19),
(722, 'SANTA ANA', 19),
(723, 'SANTA BARBARA DE PINTO', 19),
(724, 'SANTA MARTA', 19),
(725, 'SITIONUEVO', 19),
(726, 'TENERIFE', 19),
(727, 'ZAPAYAN', 19),
(728, 'ZONA BANANERA', 19),
(729, 'ACACIAS', 20),
(730, 'BARRANCA DE UPIA', 20),
(731, 'CABUYARO', 20),
(732, 'CASTILLA LA NUEVA', 20),
(733, 'CUBARRAL', 20),
(734, 'CUMARAL', 20),
(735, 'EL CALVARIO', 20),
(736, 'EL CASTILLO', 20),
(737, 'EL DORADO', 20),
(738, 'FUENTE DE ORO', 20),
(739, 'GRANADA', 20),
(740, 'GUAMAL', 20),
(741, 'LA MACARENA', 20),
(742, 'LA URIBE', 20),
(743, 'LEJANÍAS', 20),
(744, 'MAPIRIPÁN', 20),
(745, 'MESETAS', 20),
(746, 'PUERTO CONCORDIA', 20),
(747, 'PUERTO GAITÁN', 20),
(748, 'PUERTO LLERAS', 20),
(749, 'PUERTO LÓPEZ', 20),
(750, 'PUERTO RICO', 20),
(751, 'RESTREPO', 20),
(752, 'SAN  JUAN DE ARAMA', 20),
(753, 'SAN CARLOS GUAROA', 20),
(754, 'SAN JUANITO', 20),
(755, 'SAN MARTÍN', 20),
(756, 'VILLAVICENCIO', 20),
(757, 'VISTA HERMOSA', 20),
(758, 'ALBAN', 21),
(759, 'ALDAÑA', 21),
(760, 'ANCUYA', 21),
(761, 'ARBOLEDA', 21),
(762, 'BARBACOAS', 21),
(763, 'BELEN', 21),
(764, 'BUESACO', 21),
(765, 'CHACHAGUI', 21),
(766, 'COLON (GENOVA)', 21),
(767, 'CONSACA', 21),
(768, 'CONTADERO', 21),
(769, 'CORDOBA', 21),
(770, 'CUASPUD', 21),
(771, 'CUMBAL', 21),
(772, 'CUMBITARA', 21),
(773, 'EL CHARCO', 21),
(774, 'EL PEÑOL', 21),
(775, 'EL ROSARIO', 21),
(776, 'EL TABLÓN', 21),
(777, 'EL TAMBO', 21),
(778, 'FUNES', 21),
(779, 'GUACHUCAL', 21),
(780, 'GUAITARILLA', 21),
(781, 'GUALMATAN', 21),
(782, 'ILES', 21),
(783, 'IMUES', 21),
(784, 'IPIALES', 21),
(785, 'LA CRUZ', 21),
(786, 'LA FLORIDA', 21),
(787, 'LA LLANADA', 21),
(788, 'LA TOLA', 21),
(789, 'LA UNION', 21),
(790, 'LEIVA', 21),
(791, 'LINARES', 21),
(792, 'LOS ANDES', 21),
(793, 'MAGUI', 21),
(794, 'MALLAMA', 21),
(795, 'MOSQUEZA', 21),
(796, 'NARIÑO', 21),
(797, 'OLAYA HERRERA', 21),
(798, 'OSPINA', 21),
(799, 'PASTO', 21),
(800, 'PIZARRO', 21),
(801, 'POLICARPA', 21),
(802, 'POTOSI', 21),
(803, 'PROVIDENCIA', 21),
(804, 'PUERRES', 21),
(805, 'PUPIALES', 21),
(806, 'RICAURTE', 21),
(807, 'ROBERTO PAYAN', 21),
(808, 'SAMANIEGO', 21),
(809, 'SAN BERNARDO', 21),
(810, 'SAN LORENZO', 21),
(811, 'SAN PABLO', 21),
(812, 'SAN PEDRO DE CARTAGO', 21),
(813, 'SANDONA', 21),
(814, 'SANTA BARBARA', 21),
(815, 'SANTACRUZ', 21),
(816, 'SAPUYES', 21),
(817, 'TAMINANGO', 21),
(818, 'TANGUA', 21),
(819, 'TUMACO', 21),
(820, 'TUQUERRES', 21),
(821, 'YACUANQUER', 21),
(822, 'ABREGO', 22),
(823, 'ARBOLEDAS', 22),
(824, 'BOCHALEMA', 22),
(825, 'BUCARASICA', 22),
(826, 'CÁCHIRA', 22),
(827, 'CÁCOTA', 22),
(828, 'CHINÁCOTA', 22),
(829, 'CHITAGÁ', 22),
(830, 'CONVENCIÓN', 22),
(831, 'CÚCUTA', 22),
(832, 'CUCUTILLA', 22),
(833, 'DURANIA', 22),
(834, 'EL CARMEN', 22),
(835, 'EL TARRA', 22),
(836, 'EL ZULIA', 22),
(837, 'GRAMALOTE', 22),
(838, 'HACARI', 22),
(839, 'HERRÁN', 22),
(840, 'LA ESPERANZA', 22),
(841, 'LA PLAYA', 22),
(842, 'LABATECA', 22),
(843, 'LOS PATIOS', 22),
(844, 'LOURDES', 22),
(845, 'MUTISCUA', 22),
(846, 'OCAÑA', 22),
(847, 'PAMPLONA', 22),
(848, 'PAMPLONITA', 22),
(849, 'PUERTO SANTANDER', 22),
(850, 'RAGONVALIA', 22),
(851, 'SALAZAR', 22),
(852, 'SAN CALIXTO', 22),
(853, 'SAN CAYETANO', 22),
(854, 'SANTIAGO', 22),
(855, 'SARDINATA', 22),
(856, 'SILOS', 22),
(857, 'TEORAMA', 22),
(858, 'TIBÚ', 22),
(859, 'TOLEDO', 22),
(860, 'VILLA CARO', 22),
(861, 'VILLA DEL ROSARIO', 22),
(862, 'COLÓN', 23),
(863, 'MOCOA', 23),
(864, 'ORITO', 23),
(865, 'PUERTO ASÍS', 23),
(866, 'PUERTO CAYCEDO', 23),
(867, 'PUERTO GUZMÁN', 23),
(868, 'PUERTO LEGUÍZAMO', 23),
(869, 'SAN FRANCISCO', 23),
(870, 'SAN MIGUEL', 23),
(871, 'SANTIAGO', 23),
(872, 'SIBUNDOY', 23),
(873, 'VALLE DEL GUAMUEZ', 23),
(874, 'VILLAGARZÓN', 23),
(875, 'ARMENIA', 24),
(876, 'BUENAVISTA', 24),
(877, 'CALARCÁ', 24),
(878, 'CIRCASIA', 24),
(879, 'CÓRDOBA', 24),
(880, 'FILANDIA', 24),
(881, 'GÉNOVA', 24),
(882, 'LA TEBAIDA', 24),
(883, 'MONTENEGRO', 24),
(884, 'PIJAO', 24),
(885, 'QUIMBAYA', 24),
(886, 'SALENTO', 24),
(887, 'APIA', 25),
(888, 'BALBOA', 25),
(889, 'BELÉN DE UMBRÍA', 25),
(890, 'DOS QUEBRADAS', 25),
(891, 'GUATICA', 25),
(892, 'LA CELIA', 25),
(893, 'LA VIRGINIA', 25),
(894, 'MARSELLA', 25),
(895, 'MISTRATO', 25),
(896, 'PEREIRA', 25),
(897, 'PUEBLO RICO', 25),
(898, 'QUINCHÍA', 25),
(899, 'SANTA ROSA DE CABAL', 25),
(900, 'SANTUARIO', 25),
(901, 'PROVIDENCIA', 26),
(902, 'SAN ANDRES', 26),
(903, 'SANTA CATALINA', 26),
(904, 'AGUADA', 27),
(905, 'ALBANIA', 27),
(906, 'ARATOCA', 27),
(907, 'BARBOSA', 27),
(908, 'BARICHARA', 27),
(909, 'BARRANCABERMEJA', 27),
(910, 'BETULIA', 27),
(911, 'BOLÍVAR', 27),
(912, 'BUCARAMANGA', 27),
(913, 'CABRERA', 27),
(914, 'CALIFORNIA', 27),
(915, 'CAPITANEJO', 27),
(916, 'CARCASI', 27),
(917, 'CEPITA', 27),
(918, 'CERRITO', 27),
(919, 'CHARALÁ', 27),
(920, 'CHARTA', 27),
(921, 'CHIMA', 27),
(922, 'CHIPATÁ', 27),
(923, 'CIMITARRA', 27),
(924, 'CONCEPCIÓN', 27),
(925, 'CONFINES', 27),
(926, 'CONTRATACIÓN', 27),
(927, 'COROMORO', 27),
(928, 'CURITÍ', 27),
(929, 'EL CARMEN', 27),
(930, 'EL GUACAMAYO', 27),
(931, 'EL PEÑÓN', 27),
(932, 'EL PLAYÓN', 27),
(933, 'ENCINO', 27),
(934, 'ENCISO', 27),
(935, 'FLORIÁN', 27),
(936, 'FLORIDABLANCA', 27),
(937, 'GALÁN', 27),
(938, 'GAMBITA', 27),
(939, 'GIRÓN', 27),
(940, 'GUACA', 27),
(941, 'GUADALUPE', 27),
(942, 'GUAPOTA', 27),
(943, 'GUAVATÁ', 27),
(944, 'GUEPSA', 27),
(945, 'HATO', 27),
(946, 'JESÚS MARIA', 27),
(947, 'JORDÁN', 27),
(948, 'LA BELLEZA', 27),
(949, 'LA PAZ', 27),
(950, 'LANDAZURI', 27),
(951, 'LEBRIJA', 27),
(952, 'LOS SANTOS', 27),
(953, 'MACARAVITA', 27),
(954, 'MÁLAGA', 27),
(955, 'MATANZA', 27),
(956, 'MOGOTES', 27),
(957, 'MOLAGAVITA', 27),
(958, 'OCAMONTE', 27),
(959, 'OIBA', 27),
(960, 'ONZAGA', 27),
(961, 'PALMAR', 27),
(962, 'PALMAS DEL SOCORRO', 27),
(963, 'PÁRAMO', 27),
(964, 'PIEDECUESTA', 27),
(965, 'PINCHOTE', 27),
(966, 'PUENTE NACIONAL', 27),
(967, 'PUERTO PARRA', 27),
(968, 'PUERTO WILCHES', 27),
(969, 'RIONEGRO', 27),
(970, 'SABANA DE TORRES', 27),
(971, 'SAN ANDRÉS', 27),
(972, 'SAN BENITO', 27),
(973, 'SAN GIL', 27),
(974, 'SAN JOAQUÍN', 27),
(975, 'SAN JOSÉ DE MIRANDA', 27),
(976, 'SAN MIGUEL', 27),
(977, 'SAN VICENTE DE CHUCURÍ', 27),
(978, 'SANTA BÁRBARA', 27),
(979, 'SANTA HELENA', 27),
(980, 'SIMACOTA', 27),
(981, 'SOCORRO', 27),
(982, 'SUAITA', 27),
(983, 'SUCRE', 27),
(984, 'SURATA', 27),
(985, 'TONA', 27),
(986, 'VALLE SAN JOSÉ', 27),
(987, 'VÉLEZ', 27),
(988, 'VETAS', 27),
(989, 'VILLANUEVA', 27),
(990, 'ZAPATOCA', 27),
(991, 'BUENAVISTA', 28),
(992, 'CAIMITO', 28),
(993, 'CHALÁN', 28),
(994, 'COLOSO', 28),
(995, 'COROZAL', 28),
(996, 'EL ROBLE', 28),
(997, 'GALERAS', 28),
(998, 'GUARANDA', 28),
(999, 'LA UNIÓN', 28),
(1000, 'LOS PALMITOS', 28),
(1001, 'MAJAGUAL', 28),
(1002, 'MORROA', 28),
(1003, 'OVEJAS', 28),
(1004, 'PALMITO', 28),
(1005, 'SAMPUES', 28),
(1006, 'SAN BENITO ABAD', 28),
(1007, 'SAN JUAN DE BETULIA', 28),
(1008, 'SAN MARCOS', 28),
(1009, 'SAN ONOFRE', 28),
(1010, 'SAN PEDRO', 28),
(1011, 'SINCÉ', 28),
(1012, 'SINCELEJO', 28),
(1013, 'SUCRE', 28),
(1014, 'TOLÚ', 28),
(1015, 'TOLUVIEJO', 28),
(1016, 'ALPUJARRA', 29),
(1017, 'ALVARADO', 29),
(1018, 'AMBALEMA', 29),
(1019, 'ANZOATEGUI', 29),
(1020, 'ARMERO (GUAYABAL)', 29),
(1021, 'ATACO', 29),
(1022, 'CAJAMARCA', 29),
(1023, 'CARMEN DE APICALÁ', 29),
(1024, 'CASABIANCA', 29),
(1025, 'CHAPARRAL', 29),
(1026, 'COELLO', 29),
(1027, 'COYAIMA', 29),
(1028, 'CUNDAY', 29),
(1029, 'DOLORES', 29),
(1030, 'ESPINAL', 29),
(1031, 'FALÁN', 29),
(1032, 'FLANDES', 29),
(1033, 'FRESNO', 29),
(1034, 'GUAMO', 29),
(1035, 'HERVEO', 29),
(1036, 'HONDA', 29),
(1037, 'IBAGUÉ', 29),
(1038, 'ICONONZO', 29),
(1039, 'LÉRIDA', 29),
(1040, 'LÍBANO', 29),
(1041, 'MARIQUITA', 29),
(1042, 'MELGAR', 29),
(1043, 'MURILLO', 29),
(1044, 'NATAGAIMA', 29),
(1045, 'ORTEGA', 29),
(1046, 'PALOCABILDO', 29),
(1047, 'PIEDRAS PLANADAS', 29),
(1048, 'PRADO', 29),
(1049, 'PURIFICACIÓN', 29),
(1050, 'RIOBLANCO', 29),
(1051, 'RONCESVALLES', 29),
(1052, 'ROVIRA', 29),
(1053, 'SALDAÑA', 29),
(1054, 'SAN ANTONIO', 29),
(1055, 'SAN LUIS', 29),
(1056, 'SANTA ISABEL', 29),
(1057, 'SUÁREZ', 29),
(1058, 'VALLE DE SAN JUAN', 29),
(1059, 'VENADILLO', 29),
(1060, 'VILLAHERMOSA', 29),
(1061, 'VILLARRICA', 29),
(1062, 'ALCALÁ', 30),
(1063, 'ANDALUCÍA', 30),
(1064, 'ANSERMA NUEVO', 30),
(1065, 'ARGELIA', 30),
(1066, 'BOLÍVAR', 30),
(1067, 'BUENAVENTURA', 30),
(1068, 'BUGA', 30),
(1069, 'BUGALAGRANDE', 30),
(1070, 'CAICEDONIA', 30),
(1071, 'CALI', 30),
(1072, 'CALIMA (DARIEN)', 30),
(1073, 'CANDELARIA', 30),
(1074, 'CARTAGO', 30),
(1075, 'DAGUA', 30),
(1076, 'EL AGUILA', 30),
(1077, 'EL CAIRO', 30),
(1078, 'EL CERRITO', 30),
(1079, 'EL DOVIO', 30),
(1080, 'FLORIDA', 30),
(1081, 'GINEBRA GUACARI', 30),
(1082, 'JAMUNDÍ', 30),
(1083, 'LA CUMBRE', 30),
(1084, 'LA UNIÓN', 30),
(1085, 'LA VICTORIA', 30),
(1086, 'OBANDO', 30),
(1087, 'PALMIRA', 30),
(1088, 'PRADERA', 30),
(1089, 'RESTREPO', 30),
(1090, 'RIO FRÍO', 30),
(1091, 'ROLDANILLO', 30),
(1092, 'SAN PEDRO', 30),
(1093, 'SEVILLA', 30),
(1094, 'TORO', 30),
(1095, 'TRUJILLO', 30),
(1096, 'TULÚA', 30),
(1097, 'ULLOA', 30),
(1098, 'VERSALLES', 30),
(1099, 'VIJES', 30),
(1100, 'YOTOCO', 30),
(1101, 'YUMBO', 30),
(1102, 'ZARZAL', 30),
(1103, 'CARURÚ', 31),
(1104, 'MITÚ', 31),
(1105, 'PACOA', 31),
(1106, 'PAPUNAUA', 31),
(1107, 'TARAIRA', 31),
(1108, 'YAVARATÉ', 31),
(1109, 'CUMARIBO', 32),
(1110, 'LA PRIMAVERA', 32),
(1111, 'PUERTO CARREÑO', 32),
(1112, 'SANTA ROSALIA', 32);

-- --------------------------------------------------------

--
-- Estructura de tabla para la tabla `sim`
--

CREATE TABLE IF NOT EXISTS `sim` (
  `id` int(11) NOT NULL,
  `numero` varchar(15) NOT NULL,
  `clave` int(10) DEFAULT NULL,
  `imei` varchar(20) NOT NULL,
  `ip` varchar(30) DEFAULT NULL,
  `usuario` varchar(10) DEFAULT NULL,
  `zona` varchar(30) DEFAULT NULL,
  `operador` varchar(30) DEFAULT NULL
) ENGINE=MyISAM AUTO_INCREMENT=1220 DEFAULT CHARSET=latin1;

--
-- Volcado de datos para la tabla `sim`
--

INSERT INTO `sim` (`id`, `numero`, `clave`, `imei`, `ip`, `usuario`, `zona`, `operador`) VALUES
(1, '3153335736', 9436, '8957123410508800592', '10.57.107.51', '760546', 'SOGAMOSO', 'Movistar'),
(2, '3154879087', 6746, '8957123410508800329', '10.57.107.76', '761497', 'SOGAMOSO', 'movistar'),
(3, '3154953795', 8857, '8957123410508800337', '10.57.107.77', '761463', 'SOGAMOSO', 'movistar'),
(4, '3155657243', 8016, '8957123410508800717', '10.57.107.65', '760768', 'SOGAMOSO', 'movistar'),
(5, '3156824997', 8701, '8957123410508800345', '10.57.107.78', '760557', 'SOGAMOSO', 'movistar'),
(6, '3158666642', 5951, '8957123410508800352', '10.57.107.79', '760522', 'SOGAMOSO', 'movistar'),
(7, '3162241209', 6517, '8957123410508800519', '10.57.107.58', '761053', 'SOGAMOSO', 'movistar'),
(8, '3162294887', 4867, '8957123410508800626', '10.57.107.72', '760537', 'SOGAMOSO', 'movistar'),
(9, '3162466218', 7848, '8957123410508800527', '10.57.107.57', '761476', 'SOGAMOSO', 'movistar'),
(10, '3163105016', 2738, '8957123410508800691', '10.57.107.67', '760573', 'SOGAMOSO', 'movistar'),
(11, '3163235587', 1230, '8957123410508800741', '10.57.107.60', '761437', 'SOGAMOSO', 'movistar'),
(12, '3163683237', 4146, '8957123410508800642', '10.57.107.40', '760836', 'SOGAMOSO', 'movistar'),
(13, '3163870083', 6952, '8957123410508800451', '10.57.107.41', '761073', 'SOGAMOSO', 'movistar'),
(14, '3164026330', 5284, '8957123410508800659', '10.57.107.42', '761369', 'SOGAMOSO', 'movistar'),
(15, '3164146601', 8545, '8957123510611550123', '10.57.106.232', '760007', 'CHIQUINQUIRA', 'movistar'),
(16, '3164146677', 2385, '8957123510611550131', '10.57.106.233', '760648', 'DUITAMA', 'movistar'),
(17, '3164147218', 5457, '8957123510611770689', '10.57.106.217', '', 'SISTEMAS', 'movistar'),
(18, '3164147783', 6544, '8957123510611554737', '10.57.106.218', '760133', 'CHIQUINQUIRA', 'movistar'),
(19, '3164147922', 7699, '10613225195', '10.57.106.219', '750007', 'SOGAMOSO', 'movistar'),
(20, '3164148312', 9496, '8957123510611550271', '10.57.106.220', '761459', 'TUNJA NORTE', 'movistar'),
(21, '3164148842', 1575, '8957123510611549901', '10.57.106.225', '761452', 'CHIQUINQUIRA', 'movistar'),
(22, '3164149758', 6567, '8957123510611554331', '10.57.106.228', '', 'DUITAMA', 'movistar'),
(23, '66', 2591, '8957123510611550164', '10.57.106.229', '760749', 'TUNJA NORTE', 'movistar'),
(24, '3164149857', 2958, '8957123510611550149', '10.57.106.234', '760503', 'CHIQUINQUIRA', 'MOVISTAR'),
(25, '3164157538', 2352, '8957123510611554810', '10.57.106.222', '760729', 'TUNJA SUR', 'movistar'),
(26, '3164157872', 3167, '8957123510611549893', '10.57.106.223', '761260', 'CHIQUINQUIRA', 'movistar'),
(27, '3164158297', 4797, '8957123510611554802', '10.57.106.224', '', 'SISTEMAS', 'movistar'),
(28, '3164159214', 9445, '8957123510611550198', '10.57.106.230', '760326', 'CHIQUINQUIRA', 'movistar'),
(29, '3164160163', 7587, '10613225211', '10.57.106.231', '160039', 'DUITAMA', 'movistar'),
(30, '3164161409', 1057, '8957123510611554711', '10.57.106.216', '760675', 'DUITAMA', 'movistar'),
(31, '3164195493', 4425, '8957123510611795892', '10.57.106.89', '761484', 'MONIQUIRA', 'movistar'),
(32, '3164195640', 1399, '8957123110526224839', '10.57.106.90', '760129', 'CHIQUINQUIRA', 'movistar'),
(33, '3164195695', 1345, '8957123110521497786', '10.57.106.91', '761115', 'TUNJA SUR', 'movistar'),
(34, '3164195834', 4645, '8957123110521497794', '10.57.106.92', '760421', 'CHIQUINQUIRA', 'movistar'),
(35, '3164196201', 2617, '8957123110521500035', '10.57.106.96', '760147', 'CHIQUINQUIRA', 'movistar'),
(36, '3164199156', 4339, '10613224941', '10.57.106.93', '760928', 'AMAZONAS', 'movistar'),
(37, '3164199505', 4845, '8957123110521500027', '10.57.106.95', '760041', 'TUNJA NORTE', 'movistar'),
(38, '3164201112', 1778, '8957123110521705378', '10.57.106.83', '760280', 'SOGAMOSO', 'movistar'),
(39, '3164203288', 6874, '10613225005', '10.57.106.100', '760290', 'AMAZONAS', 'movistar'),
(40, '3164203678', 1645, '8957123110521500084', '10.57.106.101', '760523', 'SOGAMOSO', 'movistar'),
(41, '3164219718', 8727, '8957123110521705386', '10.57.106.84', '760874', 'Moniquira', 'movistar'),
(42, '3164220001', 4916, '10613224347', '10.57.106.86', '761381', 'AMAZONAS', 'movistar'),
(43, '3164220020', 4214, '8957123110521705402', '10.57.106.87', '760717', 'MONIQUIRA', 'movistar'),
(44, '3164220153', 4815, '8957123510611770663', '10.57.106.88', '760843', 'MONIQUIRA', 'movistar'),
(45, '3164222777', 6321, '8957123110521500019', '10.57.106.94', '760075', 'TUNJA SUR', 'movistar'),
(46, '3164227358', 1325, '10613224677', '10.57.106.103', '760983', 'AMAZONAS', 'movistar'),
(47, '3164351626', 9458, '8957123510611550156', '10.57.106.235', '760501', 'CHIQUINQUIRA', 'movistar'),
(48, '3164351675', 2124, '10613225280', '10.57.106.236', '761372', 'AMAZONAS', 'movistar'),
(49, '3164351774', 1454, '8957123510611550230', '10.57.106.238', '760705', 'TUNJA NORTE', 'movistar'),
(50, '3164352036', 2544, '8957123510611550289', '10.57.106.239', '761474', 'SOGAMOSO', 'movistar'),
(51, '3164352211', 4295, '8957123510611550255', '10.57.106.240', '760661', 'DUITAMA', 'movistar'),
(52, '3164352615', 8658, '8957123510611550107', '10.57.106.241', 'SISTEMAS', 'SISTEMAS', 'movistar'),
(53, '3164354287', 6325, '10613225294', '10.57.106.244', '300002', 'AMAZONAS', 'movistar'),
(54, '3164405254', 5546, '8957123410508800584', '10.57.107.52', '761477', 'SOGAMOSO', 'movistar'),
(55, '3164469967', 6395, '8957123410508800501', '10.57.107.59', '760524', 'SOGAMOSO', 'movistar'),
(56, '3164477678', 4644, '8957123510611770770', '10.57.106.97', '760715', 'TUNJA SUR', 'movistar'),
(57, '3164477835', 8858, '8957123110521500050', '10.57.106.98', '760295', 'MONIQUIRA', 'movistar'),
(58, '3164480003', 8851, '8957123110521500068', '10.57.106.99', '760188', 'SOGAMOSO', 'movistar'),
(59, '3164489371', 3658, '8957123510611770333', '10.57.106.102', '760761', 'TUNJA SUR', 'movistar'),
(60, '3164618307', 4940, '8957123410508800477', '10.57.107.70', '760953', 'SOGAMOSO', 'movistar'),
(61, '3164635711', 1933, '8957123510611770606', '10.57.106.249', '761180', 'TUNJA SUR', 'movistar'),
(62, '3164635884', 4484, '10613235863', '10.57.106.251', '761357', 'AMAZONAS', 'movistar'),
(63, '3164640155', 8028, '8957123410508800576', '10.57.107.53', '760535', 'SOGAMOSO', 'movistar'),
(64, '3164670150', 5434, '8957123410508800634', '10.57.107.73', '760540', 'SOGAMOSO', 'movistar'),
(65, '3164740506', 2992, '8957123310504696905', '10.56.100.235', '760617', 'DUITAMA', 'movistar'),
(66, '3164740593', 9768, '8957123510601977237', '10.56.100.49', '760606', 'DUITAMA', 'movistar'),
(67, '3165220513', 4848, '8957123410508800378', '10.57.107.30', '760056', 'DUITAMA', 'movistar'),
(68, '3165233515', 8323, '8957123110521705634', '10.57.106.105', '761206', 'CHIQUINQUIRA', 'movistar'),
(69, '3165234364', 9486, '8957123110521705535', '10.57.106.106', '760264', 'GARAGOA', 'movistar'),
(70, '3165236243', 7745, '8957123110521705519', '10.57.106.107', '760765', 'TUNJA SUR', 'movistar'),
(71, '3165255415', 3605, '8957123410508800535', '10.57.107.48', '761276', 'SOGAMOSO', 'movistar'),
(72, '3165255710', 2386, '8957123410508800303', '10.57.107.74', '760186', 'SOGAMOSO', 'movistar'),
(73, '3165261903', 7414, '8957123410508800600', '10.57.107.49', '760539', 'SOGAMOSO', 'movistar'),
(74, '3165274595', 4808, '8957123410508800618', '10.57.107.50', '761513', 'SOGAMOSO', 'movistar'),
(75, '3165280127', 7949, '8957123410508800311', '10.57.107.75', '761430', 'SOGAMOSO', 'movistar'),
(76, '3174024905', 4530, '8957123410508800675', '10.57.107.43', '760567', 'SOGAMOSO', 'movistar'),
(77, '3174027179', 3243, '8957123410508800683', '10.57.107.44', '760527', 'SOGAMOSO', 'movistar'),
(78, '3174035314', 9764, '8957123410508800493', '10.57.107.68', '760552', 'SOGAMOSO', 'movistar'),
(79, '3174042927', 9400, '8957123410508800758', '10.57.107.61', '760281', 'SOGAMOSO', 'movistar'),
(80, '3174290021', 6799, '8957123410502617778', '10.56.103.111', '760338', 'TUNJA SUR', 'movistar'),
(81, '3174422660', 5303, '8957123410502621945', '10.56.101.11', '760430', 'CHIQUINQUIRA', 'movistar'),
(82, '3174423219', 2289, '8957123410502622778', '10.56.101.213', '760655', 'DUITAMA', 'movistar'),
(83, '3174423390', 3262, '8957123310512128685', '10.56.102.199', '761419', 'CHIQUI', 'movistar'),
(84, '3174423433', 3090, '8957123410502619097', '10.56.101.120', '760357', 'TUNJA NORTE', 'movistar'),
(85, '3174423469', 4692, '8957123410502619436', '10.56.101.130', '760585', 'DUITAMA', 'movistar'),
(86, '3174423487', 5883, '10613224495', '10.56.102.216', '760741', 'AMAZONAS', 'movistar'),
(87, '3174423503', 4177, '8957123310512097500', '10.56.102.221', '760389', 'SOATA', 'movistar'),
(88, '3174423519', 5102, '8957123310512097609', '10.56.101.246', '761293', 'CHIQUINQUIRA', 'movistar'),
(89, '3174423862', 8467, '8957123410502613611', '10.56.102.79', '', 'SISTEMAS', 'movistar'),
(90, '3174423920', 3385, '8957123410502946557', '10.56.103.142', '760016', 'DUITAMA', 'movistar'),
(91, '3174424032', 9073, '8957123410502613934', '10.56.103.42', '761317', 'TUNJA SUR', 'movistar'),
(92, '3174424218', 8851, '8957123410502621507', '10.56.103.78', '760462', 'GARAGOA', 'movistar'),
(93, '3174424276', 3102, '8957123510611795900', '10.56.103.91', '760038', 'TUNJA NORTE', 'movistar'),
(94, '3175005071', 3431, '8957123410508800543', '10.57.107.56', '761352', 'SOGAMOSO', 'movistar'),
(95, '3175016392', 2040, '8957123410508800766', '10.57.107.62', '761391', 'SOGAMOSO', 'movistar'),
(96, '3175016868', 9195, '8957123410508800568', '10.57.107.54', '760283', 'SOGAMOSO', 'movistar'),
(97, '3175016909', 7539, '8957123410508800550', '10.57.107.55', '760520', 'SOGAMOSO', 'movistar'),
(98, '3175020717', 4563, '8957123410508800386', '10.57.107.34', '760966', 'DUITAMA', 'movistar'),
(99, '3175050517', 8571, '8957123410508800469', '10.57.107.71', '761434', 'SOGAMOSO', 'movistar'),
(100, '3175098348', 6681, '8957123410508800790', '10.57.107.47', '760534', 'SOGAMOSO', 'movistar'),
(101, '3175110395', 4921, '8957123410508800402', '10.57.107.36', '760441', 'GARAGOA', 'movistar'),
(102, '3175132482', 1169, '8957123410508800782', '10.57.107.46', '760354', 'SOGAMOSO', 'movistar'),
(103, '3175135675', 4850, '8957123410508800733', '10.57.107.63', '760529', 'SOGAMOSO', 'movistar'),
(104, '3175159204', 6062, '8957123410508800444', '10.57.107.37', '760489', 'GARAGOA', 'movistar'),
(105, '3175159597', 5859, '8957123410508800428', '10.57.107.39', '761579', 'GARAGOA', 'movistar'),
(106, '3175168915', 5659, '8957123410508800725', '10.57.107.64', '760085', 'SOGAMOSO', 'movistar'),
(107, '3175170277', 3903, '8957123410505244364', '10.57.105.37', '760681', 'TUNJA NORTE', 'movistar'),
(108, '3175170279', 6212, '8957123410505244372', '10.57.105.39', '761335', 'TUNJA NORTE', 'movistar'),
(109, '3175170282', 4812, '8957123410505244414', '10.57.105.42', '760744', 'TUNJA SUR', 'movistar'),
(110, '3175170286', 4247, '8957123410505244448', '10.57.105.45', '760632', 'DUITAMA', 'movistar'),
(111, '3175170290', 3681, '8957123410505244471', '10.57.105.48', '760565', 'SOGAMOSO', 'movistar'),
(112, '3175170293', 1811, '8957123110522484189', '10.57.105.49', '760647', 'DUITAMA', 'movistar'),
(113, '3175170298', 2914, '8957123410505244513', '10.57.105.52', '760623', 'DUITAMA', 'movistar'),
(114, '3175170309', 7974, '8957123410505244588', '10.57.105.59', '760391', 'CHIQUINQUIRA', 'movistar'),
(115, '3175170312', 2142, '8957123410505244604', '10.57.105.61', '760460', 'GARAGOA', 'movistar'),
(116, '3175170314', 2008, '8957123410505244612', '10.57.105.62', '', 'SISTEMAS', 'movistar'),
(117, '3175170315', 3326, '8957123410505244620', '10.57.105.63', '760575', 'DUITAMA', 'movistar'),
(118, '3175170320', 2596, '8957123410505244638', '10.57.105.64', '760597', 'DUITAMA', 'movistar'),
(119, '3175170324', 5580, '8957123410505244653', '10.57.105.66', '760229', 'DUITAMA', 'movistar'),
(120, '3175170325', 1302, '8957123410505244661', '10.57.105.67', '760473', 'GARAGOA', 'movistar'),
(121, '3175170337', 4836, '8957123410505244729', '10.57.105.73', '760201', 'DUITAMA', 'movistar'),
(122, '3175170339', 2128, '8957123410505244737', '10.57.105.74', '760015', 'DUITAMA', 'movistar'),
(123, '3175170340', 9924, '8957123410505244745', '10.57.105.75', '761504', 'TUNJA SUR', 'movistar'),
(124, '3175170350', 4293, '8957123410505244752', '10.57.105.76', '760154', 'CHIQUINQUIRA', 'movistar'),
(125, '3175170351', 9337, '8957123410505244760', '10.57.105.77', '760615', 'DUITAMA', 'movistar'),
(126, '3175170356', 9771, '8957123410505244778', '10.57.105.78', '761557', 'DUITAMA', 'movistar'),
(127, '3175170358', 4892, '8957123410505244786', '10.57.105.79', '760645', 'DUITAMA', 'movistar'),
(128, '3175170363', 3850, '8957123410505244828', '10.57.105.83', '760649', 'DUITAMA', 'movistar'),
(129, '3175170365', 6031, '8957123410505244844', '10.57.105.85', '760591', 'DUITAMA', 'movistar'),
(130, '3175170368', 5533, '8957123410505247359', '10.57.105.86', '760244', 'DUITAMA', 'movistar'),
(131, '3175170372', 5153, '8957123410505247375', '10.57.105.88', '760662', 'SISTEMAS', 'movistar'),
(132, '3175170373', 6030, '8957123410505247383', '10.57.105.89', '760169', 'CHIQUINQUIRA', 'movistar'),
(133, '3175170377', 1178, '8957123410505247391', '10.57.105.90', '760660', 'DUITAMA', 'movistar'),
(134, '3175170379', 9901, '10613224461', '10.57.105.91', '761268', 'AMAZONAS', 'movistar'),
(135, '3175170381', 5327, '8957123410505247417', '10.57.105.92', '761591', 'DUITAMA', 'movistar'),
(136, '3175170384', 3427, '8957123410505247425', '10.57.105.93', '760659', 'DUITAMA', 'movistar'),
(137, '3175170388', 6381, '8957123410505247441', '10.57.105.95', '760348', 'TUNJA SUR', 'movistar'),
(138, '3175170393', 9584, '8957123410505247458', '10.57.105.96', '760699', 'TUNJA SUR', 'movistar'),
(139, '3175170394', 1238, '8957123410505247466', '10.57.105.97', '760720', 'TUNJA SUR', 'movistar'),
(140, '3175170399', 9017, '10613224487', '10.57.105.99', '760019', 'AMAZONAS', 'movistar'),
(141, '3175170401', 3344, '8957123410505247490', '10.57.105.100', '761425', 'DUITAMA', 'movistar'),
(142, '3175170403', 7849, '8957123410505247508', '10.57.105.101', '760580', 'DUITAMA', 'movistar'),
(143, '3175170411', 2626, '8957123410505247540', '10.57.105.105', '760594', 'DUITAMA', 'movistar'),
(144, '3175170418', 4106, '8957123410505247573', '10.57.105.108', '761586', 'MONIQUIRA', 'movistar'),
(145, '3175170419', 7154, '8957123410505247581', '10.57.105.109', '760778', 'TUNJA NORTE', 'movistar'),
(146, '3175170436', 9518, '8957123410505247656', '10.57.105.116', '760915', 'DUITAMA', 'movistar'),
(147, '3175170443', 7538, '8957123410505247698', '10.57.105.120', '761458', 'TUNJA SUR', 'movistar'),
(148, '3175170448', 6096, '8957123410505247714', '10.57.105.122', '760712', 'MONIQUIRA', 'movistar'),
(149, '3175170450', 6686, '8957123410505247722', '10.57.105.123', '760299', 'MONIQUIRA', 'movistar'),
(150, '3175170452', 4892, '8957123410505247730', '10.57.105.124', '760560', 'DAï¿½ADA', 'movistar'),
(151, '3175170459', 7006, '8957123410505247771', '10.57.105.128', '760730', 'MONIQUIRA', 'movistar'),
(152, '3175170471', 3467, '8957123410505247847', '10.57.105.134', '', 'SISTEMAS', 'movistar'),
(153, '3175170472', 8318, '8957123410505247839', '10.57.105.135', '760695', 'TUNJA NORTE', 'movistar'),
(154, '3175170478', 5952, '8957123410505247862', '10.57.105.137', '760040', 'TUNJA NORTE', 'movistar'),
(155, '3175170482', 9509, '8957123410505247888', '10.57.105.139', '760762', 'TUNJA NORTE', 'movistar'),
(156, '3175170488', 3563, '8957123410505247904', '10.57.105.141', '760756', 'TUNJA NORTE', 'movistar'),
(157, '3175170500', 6680, '8957123410505247946', '10.57.105.145', '761210', 'TUNJA', 'movistar'),
(158, '3175170506', 9278, '8957123510611795918', '10.57.105.147', '760694', 'TUNJA SUR', 'movistar'),
(159, '3175170512', 9936, '8957123410505247987', '10.57.105.149', '760755', 'TUNJA SUR', 'movistar'),
(160, '3175170516', 5402, '8957123410505247995', '10.57.105.150', '760346', 'TUNJA NORTE', 'movistar'),
(161, '3175170521', 1011, '8957123410505248001', '10.57.105.151', '761152', 'SOGAMOSO', 'movistar'),
(162, '3175170533', 2759, '8957123410505248019', '10.57.105.152', '760086', 'SOGAMOSO', 'movistar'),
(163, '3175170537', 4099, '8957123410505248027', '10.57.105.153', '760664', 'DUITAMA', 'movistar'),
(164, '3175170540', 5943, '8957123410505248035', '10.57.105.154', '760230', 'DUITAMA', 'movistar'),
(165, '3175170545', 8902, '8957123410505248043', '10.57.105.155', '760905', 'DUITAMA', 'movistar'),
(166, '3175170673', 6810, '8957123410505248050', '10.57.105.156', '760667', 'chiquimquira', 'movistar'),
(167, '3175170676', 4760, '8957123410505248068', '10.57.105.157', '760663', 'DUITAMA', 'movistar'),
(168, '3175170702', 2358, '8957123410505248118', '10.57.105.162', '761015', 'GARAGOA', 'movistar'),
(169, '3175170711', 3936, '8957123410505248126', '10.57.105.163', '760690', 'TUNJA SUR', 'movistar'),
(170, '3175170712', 6754, '8957123410505248134', '10.57.105.164', '760731', 'TUNJA NORTE', 'movistar'),
(171, '3175170721', 8084, '8957123410505248159', '10.57.105.166', '760576', 'DUITAMA', 'movistar'),
(172, '3175170724', 1341, '8957123410505248167', '10.57.105.167', '761440', 'DUITAMA', 'movistar'),
(173, '3175170736', 1456, '8957123310512098425', '10.57.105.170', '761445', 'CHIQUINQUIRA', 'movistar'),
(174, '3175170762', 9419, '8957123410505248233', '10.57.105.174', '760133', 'CHIQUINQUIRA', 'movistar'),
(175, '3175170765', 2273, '8957123410505248241', '10.57.105.175', '761472', 'CANAL PERS', 'movistar'),
(176, '3175170771', 9515, '8957123410505248258', '10.57.105.176', '760636', 'DUITAMA', 'movistar'),
(177, '3175170786', 3625, '8957123410505248290', '10.57.105.180', '760639', 'DUITAMA', 'movistar'),
(178, '3175170789', 2108, '8957123410505248308', '10.57.105.181', '760193', 'DUITAMA', 'movistar'),
(179, '3175170800', 7556, '8957123410505248324', '10.57.105.183', '760561', 'SOGAMOSO', 'movistar'),
(180, '3175170807', 4782, '8957123410505248340', '10.57.105.185', '760725', 'TUNJA NORTE', 'movistar'),
(181, '3175181702', 7580, '8957123410508800410', '10.57.107.35', '761526', 'GARAGOA', 'movistar'),
(182, '3175388731', 4154, '8957123410508800709', '10.57.107.66', '761494', 'SOGAMOSO', 'movistar'),
(183, '3175388802', 4368, '8957123410508800774', '10.57.107.45', '761490', 'SOGAMOSO', 'movistar'),
(184, '3175859066', 8698, '8957123110512206907', '10.57.104.170', '760503', 'CHIQUINQUIRA', 'movistar'),
(185, '3175859077', 9476, '8957123110511848238', '10.57.104.53', '760440', 'CHIQUINQUIRA', 'movistar'),
(186, '3175859084', 4771, '8957123510607300442', '10.57.104.178', '761378', 'SOGAMOSO', 'movistar'),
(187, '3175859087', 7269, '10613224750', '10.56.103.244', '130013', 'AMAZONAS', 'movistar'),
(188, '3175859090', 1995, '10613224776', '10.57.104.180', '140038', 'AMAZONAS', 'movistar'),
(189, '3175859096', 6351, '8957123310516656384', '10.56.103.246', '761446', 'CHIQUINQUIRA', 'movistar'),
(190, '3175859102', 3542, '8957123310516656434', '10.57.104.113', '', 'SISTEMAS', 'movistar'),
(191, '3175859109', 6061, '10613224792', '10.57.104.114', '761501', 'AMAZONAS', 'movistar'),
(192, '3175859110', 8555, '8957123310516656582', '10.56.103.250', '761011', 'CHIQUINQUIRA', 'movistar'),
(193, '3175859126', 4078, '8957123510607300483', '10.57.104.116', '760233', 'DUITAMA', 'movistar'),
(194, '3175859133', 9740, '8957123310516656772', '10.57.104.117', '', 'SISTEMAS', 'movistar'),
(195, '3175859151', 5471, '8957123510611770754', '10.57.104.5', '761386', 'TUNJA SUR', 'movistar'),
(196, '3175859161', 6792, '8957123110512167430', '10.57.104.123', '761295', 'Chiquinquira', 'movistar'),
(197, '3175859165', 2612, '8957123510607300434', '10.57.104.8', '761261', 'CHIQUINQUIRA', 'movistar'),
(198, '3175859190', 6242, '8957123110511818355', '10.57.104.15', '761040', 'DUITAMA', 'movistar'),
(199, '3175859197', 3381, '8957123110511818371', '10.57.104.17', '761307', 'DUITAMA', 'movistar'),
(200, '3175859200', 4296, '8957123110512167463', '10.57.104.126', '760442', 'GARAGOA', 'movistar'),
(201, '3175859211', 6346, '10613224339', '10.57.104.132', '453036', 'AMAZONAS', 'movistar'),
(202, '3175859214', 5599, '10613224479', '10.57.104.133', '760784', 'AMAZONAS', 'movistar'),
(203, '3175859223', 4588, '10613225054', '10.57.104.136', '220003', 'AMAZONAS', 'movistar'),
(204, '3175859233', 9741, '10613225070', '10.57.104.137', '760135', 'AMAZONAS', 'movistar'),
(205, '3175859234', 7007, '8957123110512210339', '10.57.104.213', '760633', 'DUITAMA', 'movistar'),
(206, '3175859246', 7771, '8957123310512098557', '10.57.104.160', '760180', 'CHIQUINQUIRA', 'movistar'),
(207, '3175859252', 4111, '8957123510607210997', '10.57.104.215', '760191', 'CHIQUINQUIRA', 'movistar'),
(208, '3175859254', 7624, '8957123110512210503', '10.57.104.230', '760435', 'CHIQUINQUIRA', 'movistar'),
(209, '3175859270', 6701, '8957123110512210529', '10.57.104.232', '760379', 'CHIQUINQUIRA', 'movistar'),
(210, '3175859272', 5834, '8957123510607300624', '10.57.104.220', '761195', 'SOGAMOSO', 'movistar'),
(211, '3175859278', 3802, '8957123110511818538', '10.57.104.33', '760578', 'DUITAMA', 'movistar'),
(212, '3175859300', 7933, '8957123110512210487', '10.57.104.228', '760719', 'TUNJA NORTE', 'movistar'),
(213, '3175859307', 4125, '8957123310516656418', '10.57.104.141', '761354', 'SOATA', 'movistar'),
(214, '3175859313', 8163, '8957123110511848451', '10.57.104.75', '', 'SISTEMAS', 'movistar'),
(215, '3175859324', 3313, '8957123310516656541', '10.57.104.145', '760779', 'TUNJA NORTE', 'movistar'),
(216, '3175859326', 1079, '8957123110512214109', '10.57.104.240', '760600', 'DUITAMA', 'movistar'),
(217, '3175859329', 5859, '8957123510607300640', '10.57.104.146', '761524', 'TUNJA SUR', 'movistar'),
(218, '3175859337', 3921, '8957123110511848196', '10.57.104.49', '760131', 'CHIQUINQUIRA', 'movistar'),
(219, '3175859347', 1134, '10613225096', '10.57.104.243', '760535', 'AMAZONAS', 'movistar'),
(220, '3175859351', 3422, '8957123510607210716', '10.57.104.156', '760934', 'CHIQUINQUIRA', 'movistar'),
(221, '3175859357', 2882, '8957123110512214323', '10.57.105.8', '761509', 'DUITAMA', 'movistar'),
(222, '3175859361', 7362, '8957123110522485764', '10.57.104.245', '760829', 'TUNJA SUR', 'movistar'),
(223, '3175859362', 8096, '8957123510611795934', '10.57.104.246', '760043', 'TUNJA SUR', 'movistar'),
(224, '3175859363', 5639, '8957123110512214349', '10.57.105.10', '', 'SISTEMAS', 'movistar'),
(225, '3175859364', 9307, '8957123110518094240', '10.57.104.79', '760398', 'CHIQUINQUIRA', 'movistar'),
(226, '3175859365', 4607, '8957123510611770622', '10.57.104.247', '760910', 'SOGAMOSO', 'movistar'),
(227, '3175859366', 9960, '8957123110512214356', '10.57.105.11', '760531', 'SOGAMOSO', 'movistar'),
(228, '3175859370', 1197, '8957123110512214190', '10.57.104.249', '760577', 'DUITAMA', 'movistar'),
(229, '3175859371', 7805, '8957123110511848519', '10.57.104.81', '761348', 'TUNJA SUR', 'movistar'),
(230, '3175859381', 8121, '8957123110512214406', '10.57.105.16', '760483', 'GARAGOA', 'movistar'),
(231, '3175859385', 6852, '8957123310516656822', '10.57.104.253', '761145', 'CHIQUINQUIRA', 'movistar'),
(232, '3175859387', 8329, '10613224727', '10.57.105.17', '760537', 'AMAZONAS', 'movistar'),
(233, '3175859388', 2980, '8957123110522485772', '10.57.104.254', '761275', 'SOGAMOSO', 'movistar'),
(234, '3175859389', 1175, '8957123110512214422', '10.57.105.18', '760237', 'DUITAMA', 'movistar'),
(235, '3175859391', 6770, '10613224768', '10.57.105.1', '760761', 'AMAZONAS', 'movistar'),
(236, '3175859394', 6057, '8957123110512214265', '10.57.105.2', '760582', 'DUITAMA', 'movistar'),
(237, '3175859395', 1282, '8957123110511848550', '10.57.104.85', '760497', 'GARAGOA', 'movistar'),
(238, '3175859399', 2275, '8957123510607300269', '10.57.105.4', '761583', 'CHIQUINQUIRA', 'movistar'),
(239, '3175859402', 6429, '8957123110511848584', '10.57.104.88', '760598', 'DUITAMA', 'movistar'),
(240, '3175859404', 2312, '8957123110512214463', '10.57.105.22', '760625', 'DUITAMA', 'movistar'),
(241, '3175859405', 5269, '8957123110512214471', '10.57.105.23', '760123', 'DUITAMA', 'movistar'),
(242, '3175859407', 8532, '8957123110512214497', '10.57.105.25', '760284', 'SOGAMOSO', 'movistar'),
(243, '3175859410', 3640, '8957123110512214513', '10.57.105.27', '760604', 'DUITAMA', 'movistar'),
(244, '3175859412', 6019, '8957123110522485749', '10.57.105.28', '760931', 'DUITAMA', 'movistar'),
(245, '3175859414', 9383, '8957123510611793293', '10.57.104.90', '760983', 'SOGAMOSO', 'movistar'),
(246, '3175859416', 5318, '8957123110512214547', '10.57.105.30', '760739', 'MONIQUIRA', 'movistar'),
(247, '3175859417', 5275, '8957123110512167117', '10.57.104.91', '761383', 'TUNJA NORTE', 'movistar'),
(248, '3175859420', 5933, '8957123110512214562', '10.57.105.32', '760592', 'DUITAMA', 'movistar'),
(249, '3175859421', 3254, '10613224784', '10.57.105.33', '760641', 'AMAZONAS', 'movistar'),
(250, '3175859423', 9254, '8957123110512214588', '10.57.105.34', '760651', 'DUITAMA', 'movistar'),
(251, '3175859424', 8158, '10613224800', '10.57.105.35', '160025', 'AMAZONAS', 'movistar'),
(252, '3175859427', 2817, '10613224826', '10.57.104.95', '160039', 'AMAZONAS', 'movistar'),
(253, '3175859433', 2622, '8957123110512167190', '10.57.104.99', '760065', 'TUNJA SUR', 'movistar'),
(254, '3175859439', 1373, '8957123310516656749', '10.57.104.102', '760513', 'CHIQUINQUIRA', 'movistar'),
(255, '3175859447', 1558, '8957123110512167281', '10.57.104.108', '760723', 'TUNJA NORTE', 'movistar'),
(256, '3182097339', 8882, '8957123110522485707', '10.57.105.244', '760206', 'CHIQUINQUIRA', 'movistar'),
(257, '3182097352', 1091, '8957123110522485715', '10.57.105.247', '', 'SISTEMAS', 'movistar'),
(258, '3182097366', 2066, '10613224917', '10.57.105.254', '160039', 'AMAZONAS', 'movistar'),
(259, '3182097368', 4754, '8957123510607207662', '10.57.105.251', '760141', 'CHIQUINQUIRA', 'movistar'),
(260, '3182097433', 2596, '8957123110522485699', '10.57.106.5', '760130', 'CHIQUINQUIRA', 'movistar'),
(261, '3182097450', 2294, '8957123510611770655', '10.57.106.9', '760539', 'SOGAMOSO', 'movistar'),
(262, '3182097483', 8792, '8957123510607300616', '10.57.106.16', '760004', 'CHIQUINQUIRA', 'movistar'),
(263, '3182097538', 9640, '8957123310509449052', '10.57.106.27', '760710', 'TUNJA SUR', 'movistar'),
(264, '3182097547', 5411, '8957123310509449086', '10.57.106.30', '760550', 'SOGAMOSO', 'movistar'),
(265, '3182404470', 2631, '10613224933', '10.57.105.196', '760004', 'AMAZONAS', 'movistar'),
(266, '3182404528', 9105, '8957123510605413445', '10.57.105.206', '761151', 'SOGAMOSO', 'movistar'),
(267, '3182404550', 6417, '8957123110522486580', '10.57.105.210', '760329', 'CHIQUINQUIRA', 'movistar'),
(268, '3182404564', 9387, '8957123510607300426', '10.57.105.217', '760928', 'CHIQUINQUIRA', 'movistar'),
(269, '3182404589', 2650, '8957123510607300418', '10.57.105.232', '', 'TUNJA NORTE', 'movistar'),
(270, '3182404590', 6809, '8957123510605413718', '10.57.105.233', '760777', 'TUNJA SUR', 'movistar'),
(271, '3185713693', 2493, '8957123510610772942', '10.57.106.155', '761431', 'SOGAMOSO', 'movistar'),
(272, '3185713694', 7938, '8957123510610772959', '10.57.106.154', '760190', 'SOGAMOSO', 'movistar'),
(273, '3185713700', 9100, '8957123510610772934', '10.57.106.156', '760745', 'TUNJA NORTE', 'movistar'),
(274, '3185713703', 8832, '8957123510610772926', '10.57.106.157', '761033', 'TUNJA NORTE', 'movistar'),
(275, '3185713704', 3315, '8957123510610772900', '10.57.106.159', '760709', 'TUNJA NORTE', 'movistar'),
(276, '3185713711', 4479, '8957123510610772892', '10.57.106.160', '760693', 'TUNJA SUR', 'movistar'),
(277, '3185713715', 3007, '8957123510610772884', '10.57.106.161', '760286', 'SOGAMOSO', 'movistar'),
(278, '3185713716', 8217, '8957123510610772876', '10.57.106.162', '761475', 'SOGAMOSO', 'movistar'),
(279, '3185713718', 5100, '8957123510610772835', '10.57.106.163', '761315', 'GARAGOA', 'movistar'),
(280, '3185713720', 9703, '8957123510610772843', '10.57.106.164', '760420', 'CHIQUINQUIRA', 'movistar'),
(281, '3185713726', 2499, '8957123510610772868', '10.57.106.165', '760209', 'CHIQUINQUIRA', 'movistar'),
(282, '3185713729', 7808, '10613225179', '10.57.106.166', '761123', 'AMAZONAS', 'movistar'),
(283, '3185713732', 3506, '8957123510610773031', '10.57.106.167', '760454', 'GARAGOA', 'movistar'),
(284, '3185713739', 6303, '8957123510610773049', '10.57.106.168', '', 'SOATA', 'movistar'),
(285, '3185713740', 1928, '8957123510610773056', '10.57.106.169', '760403', 'CHIQUINQUIRA', 'movistar'),
(286, '3185713742', 9755, '8957123510610773064', '10.57.106.170', '760423', 'CHIQUINQUIRA', 'movistar'),
(287, '3185713747', 4653, '8957123510610773304', '10.57.106.171', '760005', 'CHIQUINQUIRA', 'movistar'),
(288, '3185713751', 2500, '8957123510610773296', '10.57.106.172', '760511', 'CHIQUINQUIRA', 'movistar'),
(289, '3185713755', 9596, '8957123510610773288', '10.57.106.173', '760397', 'CHIQUINQUIRA', 'movistar'),
(290, '3185713766', 4904, '8957123510610773270', '10.57.106.174', '761054', 'CHIQUINQUIRA', 'movistar'),
(291, '3185713768', 1506, '8957123510610773262', '10.57.106.175', '760513', 'CHIQUINQUIRA', 'movistar'),
(292, '3185713771', 9678, '8957123510610773254', '10.57.106.176', '761236', 'CHIQUINQUIRA', 'movistar'),
(293, '3185713774', 6265, '8957123510610773197', '10.57.106.177', '760399', 'CHIQUINQUIRA', 'movistar'),
(294, '3185713777', 8766, '8957123510610773189', '10.57.106.178', '761552', 'CHIQUINQUIRA', 'movistar'),
(295, '3185713778', 3839, '8957123510610773171', '10.57.106.179', '760402', 'CHIQUINQUIRA', 'movistar'),
(296, '3185713782', 3881, '8957123510610773163', '10.57.106.180', '760411', 'CHIQUINQUIRA', 'movistar'),
(297, '3185713784', 9604, '8957123510610773155', '10.57.106.181', '760504', 'CHIQUINQUIRA', 'movistar'),
(298, '3185713789', 9820, '8957123510610773130', '10.57.106.183', '760426', 'CHIQUINQUIRA', 'movistar'),
(299, '3185713792', 4725, '8957123510610773122', '10.57.106.184', '760002', 'CHIQUINQUIRA', 'movistar'),
(300, '3185713796', 1692, '8957123510610773080', '10.57.106.185', '760144', 'CHIQUINQUIRA', 'movistar'),
(301, '3185713798', 7823, '8957123510610773098', '10.57.106.186', '761087', 'CHIQUINQUIRA', 'movistar'),
(302, '3185713799', 1525, '8957123510610773312', '10.57.106.187', '761466', 'CHIQUINQUIRA', 'movistar'),
(303, '3185713802', 7106, '8957123510610773320', '10.57.106.188', '761448', 'CHIQUINQUIRA', 'movistar'),
(304, '3185713805', 3247, '8957123510610773114', '10.57.106.189', '760140', 'CHIQUINQUIRA', 'movistar'),
(305, '3185713806', 5385, '8957123510610773106', '10.57.106.190', '761421', 'CHIQUINQUIRA', 'movistar'),
(306, '3185713807', 3155, '8957123510610774252', '10.57.106.191', '761232', 'SOGAMOSO', 'movistar'),
(307, '3185713809', 6862, '8957123510610774260', '10.57.106.192', '761590', 'TUNJA SUR', 'movistar'),
(308, '3185713811', 7461, '8957123510610774278', '10.57.106.193', '760974', 'SOGAMOSO', 'movistar'),
(309, '3185713816', 1267, '8957123510610774294', '10.57.106.195', '761498', 'SOGAMOSO', 'movistar'),
(310, '3185713824', 7847, '8957123510610774302', '10.57.106.196', '760105', 'GARAGOA', 'movistar'),
(311, '3185738125', 6775, '8957123510610774310', '10.57.106.197', '760113', 'GARAGOA', 'movistar'),
(312, '3185713826', 3489, '8957123510610774328', '10.57.106.198', '760834', 'GARAGOA', 'movistar'),
(313, '3185713835', 9195, '8957123510610773858', '10.57.106.201', '760261', 'GARAGOA', 'movistar'),
(314, '3185713838', 4414, '8957123510610774146', '10.57.106.202', '761273', 'SOGAMOSO', 'movistar'),
(315, '3185713842', 2978, '8957123510610774138', '10.57.106.203', '760365', 'GARAGOA', 'movistar'),
(316, '3185713845', 8409, '8957123510610774120', '10.57.106.204', '760523', 'SOGAMOSO', 'movistar'),
(317, '3185713849', 8622, '8957123510610774112', '10.57.106.205', '760491', 'GARAGOA', 'movistar'),
(318, '3185713850', 2709, '8957123510610773890', '10.57.106.206', '761065', 'SOGAMOSO', 'movistar'),
(319, '3185713856', 2365, '8957123510610773908', '10.57.106.207', '760260', 'GARAGOA', 'movistar'),
(320, '3185713857', 9410, '8957123510610773916', '10.57.106.208', '760455', 'GARAGOA', 'movistar'),
(321, '3185713862', 4008, '8957123510610773932', '10.57.106.210', '760470', 'GARAGOA', 'movistar'),
(322, '3185713867', 4527, '8957123510610773957', '10.57.106.212', '761072', 'SOGAMOSO', 'movistar'),
(323, '3185713869', 3260, '8957123510610773965', '10.57.106.213', '760449', 'GARAGOA', 'movistar'),
(324, '3186514512', 5744, '8957123510609391746', '10.57.106.137', '761519', 'CANAL P', 'movistar'),
(325, '3186514515', 6369, '8957123510609391720', '10.57.106.139', '761387', 'MONIQUIRA', 'movistar'),
(326, '3186514516', 7458, '8957123510609391811', '10.57.106.140', '', 'SISTEMAS', 'movistar'),
(327, '3186514529', 4125, '8957123510611770788', '10.57.106.143', '', 'TUNJA SUR', 'movistar'),
(328, '3186514530', 3182, '8957123510609391688', '10.57.106.144', '760706', 'MONIQUIRA', 'movistar'),
(329, '3186514533', 6725, '8957123510609391878', '10.57.106.145', '760249', 'DUITAMA', 'movistar'),
(330, '3186514534', 5751, '8957123510609391894', '10.57.106.146', '760339', 'SOGAMOSO', 'movistar'),
(331, '3186514538', 8954, '8957123510609392140', '10.57.106.148', '761407', 'TUNJA NORTE', 'movistar'),
(332, '3186514540', 1565, '8957123510609392124', '10.57.106.149', '760184', 'SOGAMOSO', 'movistar'),
(333, '3186514542', 5955, '8957123510609392108', '10.57.106.150', '', 'SOGAMOSO', 'movistar'),
(334, '3186514546', 3458, '8957123510609392116', '10.57.106.151', '', '', 'movistar'),
(335, '3186514547', 8948, '8957123510609392090', '10.57.106.152', '761193', 'SOGAMOSO', 'movistar'),
(336, '3186514551', 5548, '8957123510611770796', '10.57.106.153', '760287', 'SOGAMOSO', 'movistar'),
(337, '3188015821', 1800, '8957123110517261212', '10.57.106.33', '760458', 'GARAGOA', 'movistar'),
(338, '3188015823', 9632, '8957123110517261220', '10.57.106.34', '760471', 'GARAGOA', 'movistar'),
(339, '3188015827', 6018, '8957123510607300558', '10.57.106.35', '', '', 'movistar'),
(340, '3188015832', 6972, '8957123110517261261', '10.57.106.38', '760026', 'DUITAMA', 'movistar'),
(341, '3188015845', 2570, '8957123510611770648', '10.57.106.42', '760256', 'GARAGOA', 'movistar'),
(342, '3188015846', 9879, '10613225153', '10.57.106.43', '600015', 'AMAZONAS', 'movistar'),
(343, '3188015856', 4351, '8957123510607300673', '10.57.106.47', '760240', 'DUITAMA', 'movistar'),
(344, '3188015896', 1391, '8957123510611795942', '10.57.106.58', '760752', 'MONIQUIRA', 'movistar'),
(345, '3188015901', 7978, '8957123510611770598', '10.57.106.60', '761364', 'SOGAMOSO', 'movistar'),
(346, '3188015920', 1278, '10613224404', '10.57.106.67', '600013', 'AMAZONAS', 'movistar'),
(347, '3188015926', 2550, '10613224438', '10.57.106.68', '761387', 'AMAZONAS', 'movistar'),
(348, '3188015928', 1606, '10613224453', '10.57.106.69', '170039', 'AMAZONAS', 'movistar'),
(349, '3188015950', 9449, '8957123510607207639', '10.57.106.73', '761415', 'SOGAMOSO', 'movistar'),
(350, '3188015967', 8593, '8957123510611770580', '10.57.106.78', '760439', 'GARAGOA', 'movistar'),
(351, '3188833255', 9788, '8957123510609399129', '10.57.106.108', '761535', 'TUNJA NORTE', 'movistar'),
(352, '3188833265', 1916, '8957123510609399111', '10.57.106.109', '760893', 'GARAGOA', 'movistar'),
(353, '3188833276', 9734, '8957123510609398865', '10.57.106.111', '761350', 'CHIQUINQUIRA', 'movistar'),
(354, '3188833285', 1645, '8957123510609398873', '10.57.106.112', '761414', 'CHIQUINQUIRA', 'movistar'),
(355, '3188833295', 5722, '8957123510609398881', '10.57.106.114', '760300', 'TUNJA NORTE', 'movistar'),
(356, '3188833297', 1345, '10613225302', '10.57.106.115', '761347', 'AMAZONAS', 'movistar'),
(357, '3188833299', 3254, '8957123510609398907', '10.57.106.116', '760316', 'TUNJA SUR', 'movistar'),
(358, '3188833308', 1545, '8957123510609398923', '10.57.106.117', '760070', 'TUNJA NORTE', 'movistar'),
(359, '3188833312', 6236, '8957123510609398931', '10.57.106.118', '761454', 'MONIQUIRA', 'movistar'),
(360, '3188833342', 9452, '8957123510609398949', '10.57.106.119', '760766', 'SOGAMOSO', 'movistar'),
(361, '3188833343', 4825, '8957123510609398956', '10.57.106.120', '761136', 'TUNJA NORTE', 'movistar'),
(362, '3188833355', 2351, '10613224925', '10.57.106.123', '761245', 'AMAZONAS', 'movistar'),
(363, '3188833362', 6418, '8957123510609398998', '10.57.106.124', '761432', 'SOGAMOSO', 'movistar'),
(364, '3188833366', 6644, '8957123510609399004', '10.57.106.125', '761147', 'DUITAMA', 'movistar'),
(365, '3188833371', 4563, '8957123510609399012', '10.57.106.126', '761059', 'GARAGOA', 'movistar'),
(366, '3188833377', 4714, '8957123510609392165', '10.57.106.127', '761316', 'GARAGOA', 'movistar'),
(367, '3188833380', 4548, '8957123510609392132', '10.57.106.128', '', 'DUITAMA', 'movistar'),
(368, '3163854925', 6660, '8957123410508805260', '', '', 'GARAGOA', 'movistar'),
(369, '3164804688', 6701, '8957123410508805096', '', '', 'DUITAMA', 'movistar'),
(370, '3174015386', 8079, '8957123410508805252', '', '', 'MONIQUIRA', 'movistar'),
(371, '3153123542', 3188, '8957123410508805237', '', '', 'moniquira', 'movistar'),
(372, '3174049717', 3861, '8957123410508805245', '', '', 'CHIQUINQUIRA', 'movistar'),
(373, '3158554610', 5800, '8957123410508805229', '', '', 'MONIQUIRA', 'movistar'),
(374, '3165273660', 3312, '8957123410508805211', '', '', 'CHIQUINQUIRA', 'movistar'),
(375, '3165211854', 9877, '8957123410508805203', '', '', 'CHIQUINQUIRA', 'movistar'),
(376, '3175163702', 4296, '8957123410508805047', '', '', 'CHIQUINQUIRA', 'movistar'),
(377, '3175859437', 7821, '8957123410509501108', '', 'SISTEMAS', 'TUNJA NORTE', 'movistar'),
(378, '3164805834', 2303, '8957123410508805179', '', '10.57.107.', 'DUITAMA', 'movistar'),
(379, '3164689854', 6282, '8957123410508805187', '', 'DUITAMA', 'DUITAMA', 'movistar'),
(380, '3175164546', 6583, '8957123410508805070', '', '', 'DUITAMA', 'movistar'),
(381, '3175167440', 4904, '8957123410508805062', '10.57.107.83', '', 'CANAL P', 'movistar'),
(382, '3175165595', 5047, '8957123410508805294', '', '', 'SOGAMOSO', 'movistar'),
(383, '3175163633', 8569, '8957123410508805054', '10.57.107.84', '', '', 'movistar'),
(384, '3172097357', 5660, ' ', '', 'SISTEMAS', 'DUITAMA', 'movistar'),
(385, '3175165282', 7007, '8957123410508805021', '', '', 'CHIQUINQUIRA', 'movistar'),
(386, '3175164317', 4188, '8957123410508805013', '', '', 'CANAL PERSONALIZADO', 'movistar'),
(387, '3175163884', 6087, '8957123410508805005', '', '', 'GARAGOA', 'movistar'),
(388, '3153061926', 4645, '8957123-110529496079', '', 'SISTEMAS', 'SOGAMOSO', 'movistar'),
(389, '3165288414', 8256, '8957123-110529495774', '', 'SISTEMAS', 'SISTEMAS', 'movistar'),
(390, '3176390474', 2734, '8957123-110529496038', '10.57.107.1', '', 'CHIQUINQUIRA', 'movistar'),
(391, '3182097531', 1484, '8957123-110529495857', '', '', 'SOGAMOSO', 'movistar'),
(392, '3182097455', 6115, '8957123-110529495980', '', '', 'CHIQUINQUIRA', 'movistar'),
(393, '3175859345', 6464, '8957123-110529495972', '10.57.104.241', '', 'CHIQUINQUIRA', 'movistar'),
(394, '3175859168', 1357, '8957123-110529495741', '', '', 'CHIQUINQUIRA', 'movistar'),
(395, '3175859292', 8440, '8957123-110529495964', '', '', 'CHIQUINQUIRA', 'movistar'),
(396, '3175859218', 4080, '8957123-110529495956', '', '', '', 'movistar'),
(397, '3175859146', 5959, '8957123-110529496152', '', '', 'CHIQUINQUIRA', 'movistar'),
(398, '3174290300', 9768, '8957123-110529495832', '', '', 'SOGAMOSO', 'movistar'),
(399, '3175170715', 2440, '8957123-110529495873', '', '', 'CHIQUINQUIRA', 'movistar'),
(400, '3164740697', 5640, '8957123-110529495675', '', 'SISTEMAS', 'DUITAMA', 'movistar'),
(401, '3175170493', 7712, '8957123-110529495717', '', 'SISTEMAS', 'DUITAMA', 'movistar'),
(402, '3175170485', 3995, '8957123-110529495931', '', 'SISTEMAS', 'DUITAMA', 'movistar'),
(403, '3175170302', 9143, '8957123-110529495725', '', '', 'SOATA', 'movistar'),
(404, '3175170463', 6707, '8957123-110529496053', '', 'SISTEMAS', 'DUITAMA', 'movistar'),
(405, '3175170288', 8912, '8957123-110529495733', '', '', 'CHIQUINQUIRA', 'movistar'),
(406, '3175170276', 9545, '8957123-110529495865', '', '', 'CHIQUINQUIRA', 'movistar'),
(407, '3174423934', 8720, '8957123-110529495998', '', 'SISTEMAS', 'TUNJA NORTE', 'movistar'),
(408, '3175859375', 3097, '8957123-510613224701', '', '', 'SOGAMOSO', 'movistar'),
(409, '3178015868', 6763, '8957123-510613225229', '', 'SALECIANO', 'DUITAMA', 'movistar'),
(410, '3175170481', 2485, '8957123-510613225104', '', '', 'CHIQUINQUIRA', 'movistar'),
(411, '3182404572', 4640, '8957123-510613225013', '', 'SISTEMAS', 'SISTEMAS', 'movistar'),
(412, '3172404571', 7145, '8957123-510613224693', '', 'SISTEMAS', 'DUITAMA', 'movistar'),
(413, '3175170283', 1258, '8957123-510613224370', '', '', '', 'movistar'),
(414, '3172404570', 8978, '8957123-510613224990', '', '', '', 'movistar'),
(415, '3175170308', 6179, '8957123-510613224446', '', '', 'SOATA', 'movistar'),
(416, '3174423535', 4996, '8957123-510613224537', '', 'SISTEMAS', 'GARAGOA', 'movistar'),
(417, '3175859205', 7039, '8957123-510613224818', '', '', 'SOATA', 'movistar'),
(418, '3175163896', 2204, '8957123-410508805039', '', '', 'SOGAMOSO', 'movistar'),
(419, '3164828153', 6728, '8957123-410508805088', '', 'SISTEMAS', 'TUNJA NORTE', 'movistar'),
(420, '3175170407', 2329, '8957123-510613225062', '', '', '', 'movistar'),
(421, '3188015906', 1246, '8957123-510613224545', '', 'SISTEMAS', 'GARAGOA', 'movistar'),
(422, '3175859367', 9044, '8957123-510613225138', '', '', 'CHIQUINQUIRA', 'movistar'),
(423, '3188833350', 3373, '8957123-510613224909', '', '', 'SOGAMOSO', 'movistar'),
(424, '3188015915', 3147, '8957123-510613224388', '', '760236', 'DUITAMA', 'movistar'),
(425, '3174423447', 7209, '8957123-110529496129', '', '', 'CHIQUINQUIRA', 'movistar'),
(426, '3175018479', 6330, '8957123-110529496145', '', 'SISTEMAS', 'GARAGOA', 'movistar'),
(427, '31758559380', 7765, '8957123-110529495790', '', '', 'SOATA', 'movistar'),
(428, '3186514514', 1825, '10611770820', '', 'SISTEMAS', 'SISTEMAS', 'movistar'),
(429, '3175170452', 4892, '8957123-123110527485', '', 'SISTEMAS', 'SISTEMAS', 'movistar'),
(430, '3175170320', 2596, '8957123-123110527485', '', '', 'CHIQUIMQUIRA', 'movistar'),
(431, '3174423487', 5884, '10500512097542', '', 'SISTEMAS', 'SISTEMAS', 'movistar'),
(432, '3153335736', 9436, '8957123410510660372', '10.57.107.51', '', '', 'movistar'),
(433, '3154953795', 8857, '8957123410510660349', '', '', '', 'movistar'),
(434, '3163235587', 1230, '8957123410510660299', '10.57.107.60', '', '', 'movistar'),
(435, '3163854925', 6660, '8957123410510660331', '10.57.107.93', '', 'chiquinquira', 'movistar'),
(436, '3164130766', 3797, '660109', '', '', '', 'movistar'),
(437, '3164146601', 8545, '', '', '', '', 'movistar'),
(438, '3164149732', 6554, '10529495758', '', '', 'SISTEMAS', 'movistar'),
(439, '3164149736', 1556, '.8957123110537918924', '', '', '', 'movistar'),
(440, '3164199505', 4845, '.8957123611402665649', '', '', '', 'movistar'),
(441, '3164200958', 8889, '123110521705576', '', '', '', 'movistar'),
(442, '3164201112', 1778, '8957123410510594399', '', '', '', 'movistar'),
(443, '3164219731', 7925, '10529496087', '', '', 'SISTEMAS', 'movistar'),
(444, '3164227358', 1325, '10527485975', '', '', 'SISTEMAS', 'movistar'),
(445, '3164227358', 1325, '.8957123611402665680', '', '760026', 'DUITAMA', 'movistar'),
(446, '3164351733', 5214, '10529495766', '', '', 'SISTEMAS', 'movistar'),
(447, '3164354304', 3125, '10529496004', '', '', 'SISTEMAS', 'movistar'),
(448, '3164477678', 4644, '8957123410509494379', '', '', '', 'movistar'),
(449, '3164635367', 2265, '10529496012', '', '', 'SISTEMAS', 'movistar'),
(450, '3164635653', 4584, '123110537919062', '10.57.106.248', 'Chiquinqui', '', 'movistar'),
(451, '3164635653', 4584, '.8957123611402665722', '10.57.106.248', 'chiquinqui', '', 'movistar'),
(452, '3164635884', 4484, '123110541474914', '', '', '', 'movistar'),
(453, '3164689854', 6282, '8957123410509501264', '', '', '', 'movistar'),
(454, '3164689854', 6282, '474922', '', '', '', 'movistar'),
(455, '3164740632', 1120, '10529495667', '', '', 'SISTEMAS', 'movistar'),
(456, '3164740697', 5640, '123110541476554', '', '', '', 'movistar'),
(457, '3164740697', 9008, '.8957123611402665763', '10.57.107.107', '', '', 'movistar'),
(458, '3164804688', 6701, '', '10.57.107.80', '', '', 'movistar'),
(459, '3164805834', 2303, '8957123410509501082', '', '10.57.107.', 'CHIQUINQUIRA', 'movistar'),
(460, '3165232966', 5580, '10529495683', '', '', 'SISTEMAS', 'movistar'),
(461, '3165258271', 7532, '10529495709', '', '', 'Sistemas', 'movistar'),
(462, '3165261441', 6530, '10529496095', '', '', 'SISTEMAS', 'movistar'),
(463, '3165261441', 6530, '8957123410509494361', '', '', '', 'movistar'),
(464, '3165261903', 7414, ' .895712341050950117', '', '', '', 'movistar'),
(465, '3168752467', 9530, '123410510660091', '10.57.107.20', '', '', 'movistar'),
(466, '3168752467', 9530, '.8957123611402665789', '', '', '', 'movistar'),
(467, '3173711389', 5399, '10529495782', '', '', 'SISTEMAS', 'movistar'),
(468, '3173711691', 8346, '8957123410509494346', '', '', '', 'movistar'),
(469, '3173714137', 8299, '560059', '', '', '', 'movistar'),
(470, '3173714141', 6691, '656420', '', '', '', 'movistar'),
(471, '3174035314', 9764, '.8957123611402664162', '', '', '', 'movistar'),
(472, '3174042927', 9400, '8957123110527485942', '', '', '', 'movistar'),
(473, '3174270509', 1614, '.8957123311403015395', '', '', '', 'movistar'),
(474, '3174324933', 9937, '.8957123311403015577', '', '', '', 'movistar'),
(475, '3174349835', 3602, '10529495840', '', '', 'SISTEMAS', 'movistar'),
(476, '3174352822', 4165, '.8957123311403015460', '', '', '', 'movistar'),
(477, '3174373423', 8013, '.8957123311403015452', '', '', '', 'movistar'),
(478, '3174423443', 9783, '10529496137', '', '', 'SISTEMAS', 'movistar'),
(479, '3174423447', 7209, '8957123110527535514', '', '', '', 'movistar'),
(480, '3174423487', 5883, '476588', '', '', '', 'movistar'),
(481, '3174423519', 2580, '.8957123611402665540', '10.57.107.108', '', 'CHIQUINQUIRA', 'movistar'),
(482, '3175018479', 6330, '8957123110527535589', '', '', '', 'movistar'),
(483, '3175050517', 8571, '8957123110527535787', '', '', '', 'movistar'),
(484, '3175132482', 1169, '475309', '', '', '', 'movistar'),
(485, '3175163884', 6087, '8957123110527485702', '', '', '', 'movistar'),
(486, '3175164546', 6583, '.8957123611402665623', '10.57.107.82', '', '', 'movistar'),
(487, '3175164942', 2606, '', '', '', '', 'movistar'),
(488, '3175164963', 4447, '8957123410509494338', '', '', '', 'movistar'),
(489, '3175170276', 9545, '.8957123611402665813', '', '', '', 'movistar'),
(490, '3175170283', 1258, '123510607300475', '', '', '', 'movistar'),
(491, '3175170290', 3681, '123110541475002', '10.57.105.48', 'MUZO', 'CHIQUINQUIRA ', 'movistar'),
(492, '3175170307', 4023, '594860', '', '', 'SOATA', 'movistar'),
(493, '3175170339', 2128, '1475010', '', '', '', 'movistar'),
(494, '3175170379', 9901, '10527485710', '', '', 'SISTEMAS', 'movistar'),
(495, '3175170399', 9017, '.8957123611402665847', '', '', '', 'movistar'),
(496, '3175170401', 3344, '.8957123611402665888', '', '', '', 'movistar'),
(497, '3175170407', 2329, '.8957123611402665920', '', '', '', 'movistar'),
(498, '3175170419', 7154, '.8957123611402665961', '', '', '', 'movistar'),
(499, '3175170419', 7154, '123611402665961', '', '', '', 'movistar'),
(500, '3175170421', 5555, '0660133', '', '', 'SOATA', 'movistar'),
(501, '3175170481', 2485, '.8957123611402666001', '', '', '', 'movistar'),
(502, '3175170488', 3563, '.8957123611402665656', '', '', '', 'movistar'),
(503, '3175170516', 5402, '.8957123611402665698', '', '', '', 'movistar'),
(504, '3175170521', 1011, '476380', '', '', '', 'movistar'),
(505, '3175170521', 1011, '.8957123611402665730', '', '', '', 'movistar'),
(506, '3175170537', 4099, '123410510659903', '', '', '', 'movistar'),
(507, '3175170537', 4099, '.8957123611402664170', '10.57.105.153', '760003', 'chiquinquira', 'movistar'),
(508, '3175170673', 6810, '.8957123611402665516', '', '', '', 'movistar'),
(509, '3175170711', 3936, '10510660067', '', '', '', 'movistar'),
(510, '3175170711', 3936, '123410510660067', '', '', '', 'movistar'),
(511, '3175170711', 3936, '.8957123611402665557', '10.57.105.163', '', '', 'movistar'),
(512, '3175170721', 8084, '.8957123611402665599', '', '', '', 'movistar'),
(513, '3175854270', 6701, '.123110512210529', '', '', '', 'movistar'),
(514, '3175859077', 9476, '.8957123611402665631', '10.57.104.53', '', '', 'movistar'),
(515, '3175859082', 5581, '.8957123110537918999', '', '', '', 'movistar'),
(516, '3175859087', 7269, '123110527485660', '', '', '', 'movistar'),
(517, '3175859109', 6061, '.8957123611402665896', '', '', '', 'movistar'),
(518, '3175859126', 4078, '.8957123611402665938', '', '', '', 'movistar'),
(519, '3175859136', 9519, '8957123110527485587', '', '', '', 'movistar'),
(520, '3175859151', 5471, '8957123410510660364', '', '', '', 'movistar'),
(521, '3175859176', 5712, '.8957123611402665979', '10.57.104.195', '', '', 'movistar'),
(522, '3175859223', 4588, '.8957123611402665664', '', '', '', 'movistar'),
(523, '3175859224', 8540, '8957123410510594886', '', '', '', 'movistar'),
(524, '3175859233', 9741, '.8957123611402665706', '', '', '', 'movistar'),
(525, '3175859252', 4111, '.8957123611402665748', '10.57.104.215', '762835', 'TUNJA', 'movistar'),
(526, '3175859257', 5533, '8957123410510660075', '', '', '', 'movistar'),
(527, '3175859270', 6701, '.8957123611402665771', '', '', '', 'movistar'),
(528, '3175859292', 8440, '8957123410510594746', '', '', '', 'movistar'),
(529, '3175859295', 2905, '8957123410510660323', '', '', '', 'movistar'),
(530, '3175859296', 6037, '8957123410510660281', '', '', '', 'movistar'),
(531, '3175859301', 6747, '8957123410510594837', '', '', '', 'movistar'),
(532, '3175859337', 3921, '848196', '', '', '', 'movistar'),
(533, '3175859340', 5675, '.8957123110537919013', '', '', '', 'movistar'),
(534, '3175859379', 4988, '8957123410510660125', '', '', '', 'movistar'),
(535, '3175859403', 5229, '.8957123110537919021', '', '', '', 'movistar'),
(536, '3175859437', 7821, '.8957123611402665797', '', '', '', 'movistar'),
(537, '3176360814', 8789, '.8957123311403015304', '', '', '', 'movistar'),
(538, '3176364918', 3525, '.8957123611402664188', '', '', '', 'movistar'),
(539, '3176364918', 3525, '876932', '', '', '', 'movistar'),
(540, '3176394829', 8302, '.8957123311403015502', '', '', '', 'movistar'),
(541, '3176453769', 4031, '.8957123311403015718', '', '', '', 'movistar'),
(542, '3176484562', 8725, '.8957123311403015486', '', '', '', 'movistar'),
(543, '3176574704', 4881, '.8957123311403015320', '', '', '', 'movistar'),
(544, '3182097337', 3599, '.8957123611402665524', '', '', '', 'movistar'),
(545, '3182097366', 2066, '475093', '', '', '', 'movistar'),
(546, '3182097373', 5700, '.8957123110537919047', '', '', '', 'movistar'),
(547, '3182097433', 2596, '.8957123611402665565', '', '', '', 'movistar'),
(548, '3182097525', 2103, '8957123110527485561', '', '', '', 'movistar');
INSERT INTO `sim` (`id`, `numero`, `clave`, `imei`, `ip`, `usuario`, `zona`, `operador`) VALUES
(549, '3182097529', 7977, '8957123110527485520', '', '', '', 'movistar'),
(550, '3182097538', 9640, '.8957123611402665607', '', '', '', 'movistar'),
(551, '3182404454', 8703, '123410510656453', '', '', '', 'movistar'),
(552, '3182404455', 6103, '123110527535746', '', '', '', 'movistar'),
(553, '3182404483', 4313, '413353', '10.57.105.197', '', 'chiquinquira', 'movistar'),
(554, '3182404573', 2607, '8957123110527485884', '', '', '', 'movistar'),
(555, '3182404578', 6327, '8957123110527485645', '', '', '', 'movistar'),
(556, '3185713720', 9703, '.8957123611402665821', '', '', '', 'movistar'),
(557, '3185713729', 7808, '476695', '', '', '', 'movistar'),
(558, '3185713768', 1506, '8957123110541476729', '10,57,106,175', '', '', 'movistar'),
(559, '3185713768', 1506, '.8957123110541476729', '10,57,106,175', '', '', 'movistar'),
(560, '3185713778', 3839, '476737', '', '', '', 'movistar'),
(561, '3185713778', 3839, '.8957123611402665862', '', '', '', 'movistar'),
(562, '3185713782', 3881, '.8957123611402665904', '', '', '', 'movistar'),
(563, '3185713787', 5890, '8957123110527535605', '', '', '', 'movistar'),
(564, '3185713792', 4725, '.8957123611402665946', '', '', '', 'movistar'),
(565, '3185713807', 3155, '.8957123611402665987', '', '', '', 'movistar'),
(566, '3185713807', 3155, '476760', '', '', '', 'movistar'),
(567, '3185713821', 6215, '8957123-110527535555', '10,57,106,194', '', 'AMAZONAS', 'movistar'),
(568, '3185713829', 5649, '.8957123611402665672', '', '', '', 'movistar'),
(569, '3185713831', 7065, '8957123-110527485637', '10.57.106.200', '', 'AMAZONAS', 'movistar'),
(570, '3185713831', 7065, '485637', '10.57.106.200', '', '', 'movistar'),
(571, '3185713845', 8409, '8957123410510660356', '', '', '', 'movistar'),
(572, '3185713849', 8622, '123510610774112', '', '', '', 'movistar'),
(573, '3185713849', 8622, '475176', '', '', '', 'movistar'),
(574, '3185713849', 8622, '.8957123611402665714', '', '', '', 'movistar'),
(575, '3185713856', 2365, '123510610773908', '', '', '', 'movistar'),
(576, '3185713862', 4008, '8957123110541475184', '', '', '', 'movistar'),
(577, '3185713862', 4008, '.8957123110541475184', '', '', '', 'movistar'),
(578, '3185713865', 2806, '8957123-110527485595', '', '', 'AMAZONAS', 'movistar'),
(579, '3186514511', 5202, '391753', '', '', '', 'movistar'),
(580, '3186514512', 5744, '.8957123110541475192', '', '', 'SOATA', 'movistar'),
(581, '3186514514', 1825, '10527485512', '', '', 'SISTEMAS', 'movistar'),
(582, '3186514515', 6369, '918932', '', '', '', 'movistar'),
(583, '3186514518', 4815, '8957123-110527485868', '', '', 'AMAZONAS', 'movistar'),
(584, '3186514530', 3182, '123110541475200', '', '', '', 'movistar'),
(585, '3186514530', 3182, '.8957123611402665755', '', '', '', 'movistar'),
(586, '3186514538', 8954, '8957123410510659937', '', '', '', 'movistar'),
(587, '3186514538', 8954, '123110541475218', '10.57.106.148', '', '', 'movistar'),
(588, '3186514546', 3458, '.8957123611402664196', '', '', '', 'movistar'),
(589, '3186514551', 5548, '.8957123611402665532', '', '', '', 'movistar'),
(590, '3188015829', 2256, '8957123410510659994', '', '', '', 'movistar'),
(591, '3188015832', 6972, '474872', '', '', '', 'movistar'),
(592, '3188015845', 2570, '.8957123611402665573', '', '', '', 'movistar'),
(593, '3188015846', 9879, '.8957123611402665615', '', '', '', 'movistar'),
(594, '3188015855', 9647, '8957123410510656404', '', '', '', 'movistar'),
(595, '3188015862', 1565, '.8957123110537919088', '', '', '', 'movistar'),
(596, '3188015884', 4787, '8957123110527485686', '', '', '', 'movistar'),
(597, '3188015884', 4787, '.8957123611402665839', '', '', '', 'movistar'),
(598, '3188015893', 7499, '8957123410510594688', '', '', '', 'movistar'),
(599, '3188015896', 1391, '8957123110541474898', '', '', '', 'movistar'),
(600, '3188015896', 1391, '.8957123110541474898', '', '', '', 'movistar'),
(601, '3188015928', 1606, '.8957123611402665870', '', '', '', 'movistar'),
(602, '3188015959', 1076, '.8957123110538119795', '', '', '', 'movistar'),
(603, '3188015968', 1096, '.8957123110538119787', '', '', '', 'movistar'),
(604, '3188833255', 9788, '.8957123611402665912', '', '', '', 'movistar'),
(605, '3188833292', 6398, '8957123-110527485926', '', '', 'AMAZONAS', 'movistar'),
(606, '3188833292', 6398, '.8957123611402665953', '', '', '', 'movistar'),
(607, '3188833355', 2351, '.8957123611402665995', '', '', '', 'movistar'),
(608, '3188833366', 6644, '41475234', '', '', '', 'movistar'),
(609, '3188833385', 7545, '.8957123110538119761', '', '', '', 'movistar'),
(611, '3175170282', 4812, '474997', '', '', '', 'movistar'),
(612, '3182404468', 2101, '.475101', '', '', '', 'movistar'),
(613, '3182404575', 8281, '123110537919054', '', '', '', 'movistar'),
(614, '3164147783', 6544, '1474849', '', '', '', 'movistar'),
(615, '3175170282', 4812, '474997', '', '', '', 'movistar'),
(616, '3173711689', 5399, '494320', '10.57.107.25', '', '', 'movistar'),
(617, '3175016868', 9195, '85850', '', '', '', 'movistar'),
(618, '3175859102', 3542, '1476497', '10.57.104.113', '', '', 'movistar'),
(619, '3164146601', 8545, '656412', '', '', '', 'movistar'),
(620, '3188833297', 1345, '475226', '', '', '', 'movistar'),
(621, '3175859222', 6289, '656525', '', '', '', 'movistar'),
(622, '3175859367', 9040, '475143', '', '', '', 'movistar'),
(623, '3175170488', 3563, '475044', '', '', '', 'movistar'),
(624, '3173711681', 8577, '660208', '', '', '', 'movistar'),
(625, '3175170711', 3936, '660067', '', '', '', 'movistar'),
(626, '3164354287', 6325, '474989', '', '', '', 'movistar'),
(627, '3175165282', 7007, '.123110544129788', '', '', '', 'movistar'),
(628, '3175859252', 4111, '476521', '', '', '', 'movistar'),
(629, '3185713784', 9604, '476745', '', '', '', 'movistar'),
(630, '3176571175', 4468, '.1213110537919039', '', '', '', 'movistar'),
(631, '3174423535', 4996, '476604', '', '', '', 'movistar'),
(632, '3182097352', 1091, '475085', '', '', '', 'movistar'),
(633, '3175859080', 8422, '167315', '', '', '', 'movistar'),
(634, '3175859211', 6346, '123110527485579', '10.57.104.132', '762397', 'chiquinquira', 'movistar'),
(635, '3165261441', 6530, '494361', '', '', '', 'movistar'),
(636, '3185713751', 2500, '1476711', '', '', '', 'movistar'),
(637, '3164640155', 8028, '501074', '', '', '', 'movistar'),
(638, '3175859347', 1134, '476539', '', '', '', 'movistar'),
(639, '3175859073', 7352, '918973', '', '', '', 'movistar'),
(640, '3173714137', 8299, '660059', '', '', '', 'movistar'),
(641, '3138861489', 0, '7098469569', '172.34.192.247', '761453', 'SOATA', 'comcel'),
(642, '3107848186', 0, '913845572', '172.34.194.246', '760697', 'MONIQUIRA', 'comcel'),
(643, '3107848341', 0, '913845603', '172.34.193.194', '761276', 'SOGAMOSO', 'comcel'),
(644, '3107848346', 0, '913845606', '172.34.193.197', '760587', 'DUITAMA', 'comcel'),
(645, '3107848403', 0, '913845570', '172.34.193.185', '760736', 'MONIQUIRA', 'comcel'),
(646, '3107848405', 0, '913845574', '172.34.193.193', '760757', 'TUNJA NORTE', 'comcel'),
(647, '3107848422', 0, '913845595', '172.34.194.242', '760838', 'DUITAMA', 'comcel'),
(648, '3107848453', 0, '913845599', '172.34.194.37', '761491', 'SOATA', 'comcel'),
(649, '3107848454', 0, '913845615', '172.34.194.136', '760858', 'DUITAMA', 'comcel'),
(650, '3107848456', 0, '913845611', '172.34.194.177', '760061', 'MONIQUIRA', 'comcel'),
(651, '3107848495', 0, '913845614', '172.34.195.85', '761336', 'MONIQUIRA', 'comcel'),
(652, '3107848496', 0, '913845593', '172.34.196.110', '760515', 'CHIQUINQUIRA', 'comcel'),
(653, '3107848615', 0, '913845592', '172.34.195.79', '760603', 'DUITAMA', 'comcel'),
(654, '3107849192', 0, '913845604', '172.34.194.237', '760424', 'CHIQUINQUIRA', 'comcel'),
(655, '3107849221', 0, '913845608', '172.34.194.238', '761143', 'GARAGOA', 'comcel'),
(656, '3107849241', 0, '913845635', '172.34.195.6', '761167', 'GARAGOA', 'comcel'),
(657, '3107849284', 0, '913845637', '172.34.195.24', '760321', 'TUNJA NORTE', 'comcel'),
(658, '3138511368', 0, '5092088682', '172.34.200.228', '761588', 'DUITAMA', 'comcel'),
(659, '3138705274', 0, '914067632', '172.34.193.6', '760590', 'DUITAMA', 'comcel'),
(660, '3138705277', 0, '7064124651', '172.34.193.159', '761449', 'CHIQUINQUIRA', 'comcel'),
(661, '3138705279', 0, '7064124701', '172.34.193.126', '760764', 'TUNJA SUR', 'comcel'),
(662, '3138705280', 0, '7064124719', '172.34.193.124', '761286', 'CHIQUINQUIRA', 'comcel'),
(663, '3138705283', 0, '7064124818', '172.34.193.111', '760375', 'SOATA', 'comcel'),
(664, '3138705285', 0, '7064124834', '172.34.192.101', '761583', 'CHIQUINQUIRA', 'comcel'),
(665, '3138705289', 0, '7064124891', '172.34.194.254', '760631', 'DUITAMA', 'comcel'),
(666, '3138705290', 0, '7064124909', '172.34.194.252', '760024', 'DUITAMA', 'comcel'),
(667, '3138705293', 0, '7064124982', '172.34.192.134', '761541', 'MONIQUIRA', 'comcel'),
(668, '3138705294', 0, '7064125930', '172.34.194.240', '761404', 'CHIQUINQUIRA', 'comcel'),
(669, '3138705295', 0, '7064125948', '172.34.192.135', '760875', 'MONIQUIRA', 'comcel'),
(670, '3138705296', 0, '7064125955', '172.34.194.239', '761360', 'TUNJA NORTE', 'comcel'),
(671, '3138705298', 0, '7064125971', '172.34.192.175', '761486', 'TUNJA NORTE', 'comcel'),
(672, '3138705301', 0, '7064126003', '172.34.192.192', '761571', 'TUNJA SUR', 'comcel'),
(673, '3138861362', 0, '7081414234', '172.34.196.210', '760064', 'TUNJA NORTE', 'comcel'),
(674, '3138861365', 0, '7098470039', '172.34.196.203', '760699', 'TUNJA SUR', 'comcel'),
(675, '3138861366', 0, '7098469700', '172.34.196.202', '761334', 'TUNJA SUR', 'comcel'),
(676, '3138861369', 0, '7081414333', '172.34.196.199', '761263', 'SOATA', 'comcel'),
(677, '3138861370', 0, '7081413996', '172.34.196.198', '761399', 'DUITAMA', 'comcel'),
(678, '3138861371', 0, '7081413947', '172.34.196.194', '761553', 'CHIQUINQUIRA', 'comcel'),
(679, '3138861372', 0, '7081413962', '172.34.196.164', '761285', 'SOATA', 'comcel'),
(680, '3138861373', 0, '7098468892', '172.34.196.163', '761582', 'CHIQUINQUIRA', 'comcel'),
(681, '3138861374', 0, '7098469320', '172.34.196.162', '761505', 'TUNJA SUR', 'comcel'),
(682, '3138861375', 0, '7098469346', '172.34.196.161', '760514', 'CHIQUINQUIRA', 'comcel'),
(683, '3138861376', 0, '7098469395', '172.34.196.160', '760461', 'GARAGOA', 'comcel'),
(684, '3138861377', 0, '7098469411', '172.34.196.159', '761325', 'DUITAMA', 'comcel'),
(685, '3138861382', 0, '7098470005', '172.34.194.245', '760418', 'CHIQUINQUIRA', 'comcel'),
(686, '3138861383', 0, '7097721168', '172.34.194.244', '761555', 'DUITAMA', 'comcel'),
(687, '3138861386', 0, '7097721036', '172.34.193.191', '760290', 'SOGAMOSO', 'comcel'),
(688, '3138861387', 0, '7098405548', '172.34.193.187', '', 'SOATA', 'comcel'),
(689, '3138861389', 0, '7098405522', '172.34.193.183', '760728', 'TUNJA NORTE', 'comcel'),
(690, '3138861391', 0, '7098405423', '172.34.193.180', '760733', 'TUNJA NORTE', 'comcel'),
(691, '3138861392', 0, '7097720962', '172.34.193.178', '760725', 'TUNJA NORTE', 'comcel'),
(692, '3138861395', 0, '7097720996', '172.34.193.174', '760741', 'TUNJA NORTE', 'comcel'),
(693, '3138861397', 0, '7097721010', '172.34.193.168', '760703', 'TUNJA NORTE', 'comcel'),
(694, '3138861400', 0, '7098405431', '172.34.193.164', '', '', 'comcel'),
(695, '3138861401', 0, '7098405126', '172.34.193.162', '', '', 'comcel'),
(696, '3138861402', 0, '7097721192', '172.34.193.157', '', '', 'comcel'),
(697, '3138861403', 0, '7097721184', '172.34.193.156', '', '', 'comcel'),
(698, '3138861404', 0, '7097721085', '172.34.193.151', '', '', 'comcel'),
(699, '3138861411', 0, '7098405233', '172.34.193.137', '', 'SISTEMAS', 'comcel'),
(700, '3138861413', 0, '7098405258', '172.34.193.132', '', '', 'comcel'),
(701, '3138861414', 0, '7098405266', '172.34.193.131', '', 'SOATA', 'comcel'),
(702, '3138861415', 0, '7098405274', '172.34.193.130', '760253', '', 'comcel'),
(703, '3138861416', 0, '914067679', '172.34.193.129', '', '', 'comcel'),
(704, '3138861418', 0, '7098405092', '172.34.193.123', '', 'SISTEMAS', 'comcel'),
(705, '3138861421', 0, '7098404871', '172.34.193.116', '', 'SISTEMAS', 'comcel'),
(706, '3138861422', 0, '910418171', '172.34.192.249', '', 'chiquinquira', 'comcel'),
(707, '3138861423', 0, '7097721044', '172.34.193.113', '', 'SISTEMAS', 'comcel'),
(708, '3138861426', 0, '7098405480', '172.34.193.105', '', 'SOATA', 'comcel'),
(709, '3138861427', 0, '7098405472', '172.34.193.103', '', 'SISTEMAS', 'comcel'),
(710, '3138861428', 0, '7098405373', '172.34.193.102', '', 'SISTEMAS', 'comcel'),
(711, '3138861430', 0, '7098405365', '172.34.193.96', '', 'SISTEMAS', 'comcel'),
(712, '3138861431', 0, '7098405357', '172.34.193.92', '', 'SISTEMAS', 'comcel'),
(713, '3138861432', 0, '1012299939', '172.34.193.91', '', 'SISTEMAS', 'comcel'),
(714, '3138861433', 0, '7097721127', '172.34.193.89', '', 'SISTEMAS', 'comcel'),
(715, '3138861435', 0, '7097721226', '172.34.193.84', '', '', 'comcel'),
(716, '3138861439', 0, '7097721200', '172.34.193.78', '', 'TUNJA SUR', 'comcel'),
(717, '3138861448', 0, '7061200801', '172.34.193.63', '', 'SISTEMAS', 'comcel'),
(718, '3138861451', 0, '7061200918', '172.34.193.59', '', 'SISTEMAS', 'comcel'),
(719, '3138861455', 0, '914067675', '172.34.193.50', '', 'SISTEMAS', 'comcel'),
(720, '3138861470', 0, '7061200637', '172.34.193.26', '', 'SISTEMAS', 'comcel'),
(721, '3138861477', 0, '7061200959', '172.34.193.16', '', 'SISTEMAS', 'comcel'),
(722, '3138861482', 0, '910418158', '172.34.193.177', '', 'SISTEMAS', 'comcel'),
(723, '3138861484', 0, '7098469999', '172.34.193.2', '', 'SISTEMAS', 'comcel'),
(724, '3138861485', 0, '7098469981', '172.34.193.0', '', 'SISTEMAS', 'comcel'),
(725, '3138861486', 0, '7098470302', '172.34.192.254', '', 'SISTEMAS', 'comcel'),
(726, '3138861487', 0, '7098469957', '172.34.192.253', '', 'SISTEMAS', 'comcel'),
(727, '3138861491', 0, '7098469841', '172.34.192.243', '', 'SISTEMAS', 'comcel'),
(728, '3138861492', 0, '7098470062', '172.34.192.241', '', 'SISTEMAS', 'comcel'),
(729, '3138861494', 0, '7098469247', '172.34.192.239', '', 'SISTEMAS', 'comcel'),
(730, '3138861496', 0, '7098469619', '172.34.192.231', '', 'SISTEMAS', 'comcel'),
(731, '3138861497', 0, '7098469635', '172.34.192.230', '', 'SISTEMAS', 'comcel'),
(732, '3138861498', 0, '7098470294', '172.34.192.227', '', 'SISTEMAS', 'comcel'),
(733, '3138861499', 0, '7098469767', '172.34.192.223', '', 'SISTEMAS', 'comcel'),
(734, '3138861501', 0, '7098469825', '172.34.192.218', '', '', 'comcel'),
(735, '3138861502', 0, '7098470237', '172.34.192.217', '', '', 'comcel'),
(736, '3138861505', 0, '7098468561', '172.34.192.208', '', '', 'comcel'),
(737, '3138861508', 0, '7098469726', '172.34.192.205', '', '', 'comcel'),
(738, '3138861511', 0, '7098469189', '172.34.192.196', '', '', 'comcel'),
(739, '3138861513', 0, '7098468900', '172.34.192.190', '', '', 'comcel'),
(740, '3138861514', 0, '7098468439', '172.34.192.189', '', '', 'comcel'),
(741, '3138861516', 0, '7098468397', '172.34.192.186', '', '', 'comcel'),
(742, '3138861517', 0, '7098470344', '172.34.192.185', '', '', 'comcel'),
(743, '3138861518', 0, '7098470112', '172.34.192.178', '', '', 'comcel'),
(744, '3138861519', 0, '1012299944', '172.34.192.172', '', '', 'comcel'),
(745, '3138861520', 0, '7098470351', '172.34.192.170', '', '', 'comcel'),
(746, '3138861522', 0, '7098468660', '172.34.192.168', '', '', 'comcel'),
(747, '3138861535', 0, '7098469874', '172.34.192.136', '', '', 'comcel'),
(748, '3138861537', 0, '7098468546', '172.34.192.131', '', '', 'comcel'),
(749, '3138879299', 0, '813916905', '172.34.193.142', '', '', 'comcel'),
(750, '3138879317', 0, '8139166594', '172.34.192.24', '', '', 'comcel'),
(751, '3138889608', 0, '7064125336', '172.34.200.216', '', '', 'comcel'),
(752, '3138889612', 0, '7064125328', '172.34.201.46', '', '', 'comcel'),
(753, '3138889618', 0, '7064125369', '172.34.201.44', '', '', 'comcel'),
(754, '3138889655', 0, '7064125823', '172.34.201.9', '', '', 'comcel'),
(755, '3138889671', 0, '7064124735', '172.34.198.232', '', '', 'comcel'),
(756, '3138889672', 0, '7064125161', '172.34.198.226', '', '', 'comcel'),
(757, '3138889681', 0, '7064125260', '172.34.201.14', '', '', 'comcel'),
(758, '3138889683', 0, '7064125427', '172.34.201.12', '', '', 'comcel'),
(759, '3144432955', 0, '4115535969', '172.34.197.16', '', '', 'comcel'),
(760, '3144432998', 0, '4115527032', '172.34.197.2', '', '', 'comcel'),
(761, '3144433018', 0, '5040322316', '172.34.197.15', '', '', 'comcel'),
(762, '3144433267', 0, '4070945500', '172.34.197.1', '', '', 'comcel'),
(763, '3144433309', 0, '910418212', '172.34.193.173', '', '', 'comcel'),
(764, '3144433330', 0, '4112962521', '172.34.196.254', '', '', 'comcel'),
(765, '3144433707', 0, '4030758597', '172.34.196.114', '', '', 'comcel'),
(766, '3202113186', 0, '8014028935', '172.34.197.151', '', '', 'comcel'),
(767, '3202113188', 0, '8014028695', '172.34.196.224', '', '', 'comcel'),
(768, '3202113189', 0, '8014413079', '172.34.196.225', '', '', 'comcel'),
(769, '3202113190', 0, '8014413087', '172.34.196.226', '', '', 'comcel'),
(770, '3202113191', 0, '8014029172', '172.34.196.227', '', '', 'comcel'),
(771, '3202113195', 0, '8014028984', '172.34.196.231', '', '', 'comcel'),
(772, '3202113198', 0, '8014028661', '172.34.197.140', '', '', 'comcel'),
(773, '3202113201', 0, '8014029131', '172.34.197.143', '', '', 'comcel'),
(774, '3202113203', 0, '8014028992', '172.34.197.145', '', '', 'comcel'),
(775, '3202113204', 0, '8014029065', '172.34.197.146', '', '', 'comcel'),
(776, '3202113205', 0, '8014297522', '172.34.197.149', '', '', 'comcel'),
(777, '3202113206', 0, '8014029008', '172.34.197.150', '', '', 'comcel'),
(778, '3202113207', 0, '8014029016', '172.34.197.147', '', '', 'comcel'),
(779, '3202113208', 0, '8014297563', '172.34.197.148', '', '', 'comcel'),
(780, '3202113209', 0, '910418203', '172.34.193.171', '', '', 'comcel'),
(781, '3202113252', 0, '8016850682', '172.34.197.152', '', '', 'comcel'),
(782, '3202113253', 0, '8016851078', '172.34.197.153', '', '', 'comcel'),
(783, '3202113261', 0, '910418192', '172.34.193.23', '', '', 'comcel'),
(784, '3202113267', 0, '8016850823', '172.34.197.167', '', '', 'comcel'),
(785, '3202113268', 0, '8016850799', '172.34.197.168', '', '', 'comcel'),
(786, '3202113269', 0, '8016850880', '172.34.197.169', '', '', 'comcel'),
(787, '3202113270', 0, '8016850807', '172.34.197.170', '', '', 'comcel'),
(788, '3202113273', 0, '8016850989', '172.34.197.173', '', '', 'comcel'),
(789, '3202113274', 0, '8016850971', '172.34.197.174', '', '', 'comcel'),
(790, '3202113275', 0, '8016850617', '172.34.197.175', '', '', 'comcel'),
(791, '3202113276', 0, '8016850609', '172.34.197.176', '', '', 'comcel'),
(792, '3202113279', 0, '8016850922', '172.34.197.179', '', '', 'comcel'),
(793, '3202113280', 0, '8016850930', '172.34.197.180', '', '', 'comcel'),
(794, '3202113282', 0, '8016850740', '172.34.197.182', '', '', 'comcel'),
(795, '3202113285', 0, '8016850765', '172.34.197.185', '', '', 'comcel'),
(796, '3202113286', 0, '1012299879', '172.34.197.186', '', '', 'comcel'),
(797, '3202113290', 0, '8016850963', '172.34.197.190', '', '', 'comcel'),
(798, '3202113291', 0, '8016849106', '172.34.197.191', '', '', 'comcel'),
(799, '3202113295', 0, '8016849114', '172.34.197.195', '', '', 'comcel'),
(800, '3202113297', 0, '8016849221', '172.34.197.197', '', '', 'comcel'),
(801, '3202113300', 0, '8016850542', '172.34.197.199', '', '', 'comcel'),
(802, '3202113301', 0, '8016850559', '172.34.197.200', '', '', 'comcel'),
(803, '3202113302', 0, '8016850567', '172.34.197.201', '', '', 'comcel'),
(804, '3202113303', 0, '8016850914', '172.34.197.202', '', '', 'comcel'),
(805, '0', 0, '1012299877', '172.34.197.203', '', '', 'comcel'),
(806, '3202113306', 0, '8016850666', '172.34.197.205', '', '', 'comcel'),
(807, '3202113308', 0, '8016850625', '172.34.197.207', '', '', 'comcel'),
(808, '3202113309', 0, '8016850872', '172.34.197.208', '', '', 'comcel'),
(809, '3202113311', 0, '8016850856', '172.34.197.210', '', '', 'comcel'),
(810, '3202113312', 0, '8016850849', '172.34.197.211', '', '', 'comcel'),
(811, '3202113314', 0, '8016850716', '172.34.197.213', '', '', 'comcel'),
(812, '3202113315', 0, '8016851029', '172.34.197.214', '', '', 'comcel'),
(813, '3202113317', 0, '8016851037', '172.34.197.216', '', '', 'comcel'),
(814, '3202113318', 0, '8016851045', '172.34.197.217', '', '', 'comcel'),
(815, '3202113319', 0, '8016851052', '172.34.197.218', '', '', 'comcel'),
(816, '3202113324', 0, '8016851011', '172.34.197.223', '', '', 'comcel'),
(817, '3202113325', 0, '8016850583', '172.34.197.224', '', '', 'comcel'),
(818, '3202113326', 0, '8016850575', '172.34.197.225', '', '', 'comcel'),
(819, '3202113327', 0, '8016849478', '172.34.197.226', '', '', 'comcel'),
(820, '3202113328', 0, '8016849569', '172.34.197.227', '', '', 'comcel'),
(821, '3202113331', 0, '8016849577', '172.34.197.230', '', '', 'comcel'),
(822, '3202113334', 0, '8016849445', '172.34.197.233', '', '', 'comcel'),
(823, '3202113335', 0, '8016849460', '172.34.197.234', '', '', 'comcel'),
(824, '3202113338', 0, '8016849452', '172.34.197.237', '', '', 'comcel'),
(825, '3202113340', 0, '8016849619', '172.34.197.239', '', '', 'comcel'),
(826, '3202113341', 0, '8016849627', '172.34.197.240', '', '', 'comcel'),
(827, '3202113342', 0, '8016849593', '172.34.197.241', '', '', 'comcel'),
(828, '3202113343', 0, '8016849585', '172.34.197.242', '', '', 'comcel'),
(829, '3202113346', 0, '8016848983', '172.34.197.245', '', '', 'comcel'),
(830, '3202113347', 0, '8016848975', '172.34.197.246', '', '', 'comcel'),
(831, '3202113348', 0, '8016848959', '172.34.197.247', '', '', 'comcel'),
(832, '3202113350', 0, '8016849254', '172.34.197.249', '', '', 'comcel'),
(833, '3202113351', 0, '8016849395', '172.34.197.250', '', '', 'comcel'),
(834, '3202113354', 0, '8016849361', '172.34.197.253', '', '', 'comcel'),
(835, '3202113359', 0, '8016849494', '172.34.198.2', '', '', 'comcel'),
(836, '3202113360', 0, '8016849205', '172.34.198.3', '', '', 'comcel'),
(837, '3202113361', 0, '8016849213', '172.34.198.4', '', '', 'comcel'),
(838, '3202113362', 0, '8016848991', '172.34.198.5', '', '', 'comcel'),
(839, '3202113363', 0, '8016848942', '172.34.198.6', '', '', 'comcel'),
(840, '3202113364', 0, '8016848967', '172.34.198.7', '', '', 'comcel'),
(841, '3202113366', 0, '8016849486', '172.34.198.9', '', '', 'comcel'),
(842, '3202113368', 0, '8016849668', '172.34.198.11', '', '', 'comcel'),
(843, '3202113369', 0, '8016849684', '172.34.198.12', '', '', 'comcel'),
(844, '3202113370', 0, '8016849676', '172.34.198.13', '', '', 'comcel'),
(845, '3202113373', 0, '8016849098', '172.34.198.16', '', '', 'comcel'),
(846, '3202113375', 0, '8016849056', '172.34.198.18', '', '', 'comcel'),
(847, '3202113376', 0, '8016849049', '172.34.198.19', '', '', 'comcel'),
(848, '3202113384', 0, '8016849700', '172.34.198.27', '', '', 'comcel'),
(849, '3202113385', 0, '8016849692', '172.34.198.28', '', '', 'comcel'),
(850, '3202113386', 0, '8016849312', '172.34.198.29', '', '', 'comcel'),
(851, '3202113387', 0, '8016848934', '172.34.198.30', '', '', 'comcel'),
(852, '3202113388', 0, '8016849296', '172.34.198.31', '', '', 'comcel'),
(853, '3202113389', 0, '8016849718', '172.34.198.32', '', '', 'comcel'),
(854, '3202113390', 0, '8016849197', '172.34.198.33', '', '', 'comcel'),
(855, '3202113391', 0, '8016850526', '172.34.198.34', '', '', 'comcel'),
(856, '3202113392', 0, '8016850534', '172.34.198.35', '', '', 'comcel'),
(857, '3202113393', 0, '8016849122', '172.34.198.36', '', '', 'comcel'),
(858, '3202113395', 0, '8016850773', '172.34.198.38', '', '', 'comcel'),
(859, '3202113396', 0, '8016851185', '172.34.198.39', '', '', 'comcel'),
(860, '3202113397', 0, '8016850831', '172.34.198.40', '', '', 'comcel'),
(861, '3202113402', 0, '1012299878', '172.34.198.45', '', '', 'comcel'),
(862, '3202113404', 0, '8016870672', '172.34.198.81', '', '', 'comcel'),
(863, '3202113409', 0, '8016841558', '172.34.198.69', '', '', 'comcel'),
(864, '3202113421', 0, '8016839677', '172.34.198.57', '', '', 'comcel'),
(865, '3202113424', 0, '8016839768', '172.34.198.54', '', '', 'comcel'),
(866, '3202113428', 0, '8016852340', '172.34.198.50', '', '', 'comcel'),
(867, '3203339316', 0, '910418183', '172.34.192.236', '', '', 'comcel'),
(868, '3203339328', 0, '1005504108', '172.34.198.177', '', '', 'comcel'),
(869, '3203339338', 0, '910418143', '172.34.193.161', '', '', 'comcel'),
(870, '3203339347', 0, '8030479153', '172.34.199.20', '', '', 'comcel'),
(871, '3203339349', 0, '910418193', '172.34.193.150', '', '', 'comcel'),
(872, '3203339352', 0, '910418184', '172.34.192.235', '', '', 'comcel'),
(873, '3203339355', 0, '1005504598', '172.34.198.184', '', '', 'comcel'),
(874, '3203339382', 0, '8030480367', '172.34.199.58', '', '', 'comcel'),
(875, '3203339383', 0, '8030480375', '172.34.199.60', '', '', 'comcel'),
(876, '3203339384', 0, '8030480383', '172.34.199.61', '', '', 'comcel'),
(877, '3203339386', 0, '8030480409', '172.34.199.63', '', '', 'comcel'),
(878, '3203339387', 0, '8030480961', '172.34.199.64', '', '', 'comcel'),
(879, '3203339389', 0, '8030481068', '172.34.199.108', '', '', 'comcel'),
(880, '3203339390', 0, '8030481118', '172.34.199.110', '', '', 'comcel'),
(881, '3203339391', 0, '8030481167', '172.34.199.111', '', '', 'comcel'),
(882, '3203339392', 0, '8030481217', '172.34.199.112', '', '', 'comcel'),
(883, '3203339393', 0, '8030481266', '172.34.199.113', '', '', 'comcel'),
(884, '3203339395', 0, '8030481365', '172.34.199.141', '', '', 'comcel'),
(885, '3203339399', 0, '8030481563', '172.34.199.196', '', '', 'comcel'),
(886, '3203339400', 0, '8030481613', '172.34.199.197', '', '', 'comcel'),
(887, '3203339401', 0, '8030481662', '172.34.199.198', '', '', 'comcel'),
(888, '3203339402', 0, '8030481712', '172.34.198.117', '', '', 'comcel'),
(889, '3203339406', 0, '8030481076', '172.34.198.121', '', '', 'comcel'),
(890, '3203339409', 0, '8030481225', '172.34.198.217', '', '', 'comcel'),
(891, '3203339412', 0, '906678949', '172.34.199.186', '', '', 'comcel'),
(892, '3203339414', 0, '8030481472', '172.34.199.188', '', '', 'comcel'),
(893, '3203339415', 0, '8030481522', '172.34.199.189', '', '', 'comcel'),
(894, '3203339416', 0, '8030481571', '172.34.199.190', '', '', 'comcel'),
(895, '3203339421', 0, '8030479294', '172.34.198.106', '', '', 'comcel'),
(896, '3203339433', 0, '8030481589', '172.34.199.7', '', '', 'comcel'),
(897, '3203339434', 0, '8030481639', '172.34.199.23', '', '', 'comcel'),
(898, '3203339435', 0, '8030481688', '172.34.199.24', '', '', 'comcel'),
(899, '3203339437', 0, '8030481787', '172.34.199.27', '', '', 'comcel'),
(900, '3203339440', 0, '8030481092', '172.34.199.66', '', '', 'comcel'),
(901, '3203339443', 0, '8030481241', '172.34.199.69', '', '', 'comcel'),
(902, '3203339445', 0, '8030481340', '172.34.199.142', '', '', 'comcel'),
(903, '3203339446', 0, '8030481399', '172.34.199.143', '', '', 'comcel'),
(904, '3203339447', 0, '8030481621', '172.34.199.201', '', '', 'comcel'),
(905, '3203339448', 0, '8030481670', '172.34.193.140', '', '', 'comcel'),
(906, '3203339449', 0, '910418186', '172.34.192.234', '', '', 'comcel'),
(907, '3203339450', 0, '8030481779', '172.34.199.204', '', '', 'comcel'),
(908, '3203339455', 0, '8030481183', '172.34.198.204', '', '', 'comcel'),
(909, '3203339456', 0, '8030481233', '172.34.198.205', '', '', 'comcel'),
(910, '3203339460', 0, '8030481431', '172.34.199.40', '', '', 'comcel'),
(911, '3203339461', 0, '8030481480', '172.34.199.42', '', '', 'comcel'),
(912, '3203339462', 0, '8030481449', '172.34.199.73', 'ANTIGUA', '', 'comcel'),
(913, '3203339463', 0, '8030481498', '172.34.199.74', '', '', 'comcel'),
(914, '3203339464', 0, '8030481548', '172.34.199.75', '', '', 'comcel'),
(915, '3203339466', 0, '8030481647', '172.34.199.77', '', '', 'comcel'),
(916, '3203339468', 0, '8030481746', '172.34.199.79', '', '', 'comcel'),
(917, '3203339469', 0, '8030481795', '172.34.199.115', '', '', 'comcel'),
(918, '3203339470', 0, '8030481001', '172.34.199.116', '', '', 'comcel'),
(919, '3203339472', 0, '8030481100', '172.34.199.118', '', '', 'comcel'),
(920, '3203339475', 0, '8030481258', '172.34.199.144', '', '', 'comcel'),
(921, '3203339483', 0, '8030480417', '172.34.199.208', '', '', 'comcel'),
(922, '3203339484', 0, '8030480425', '172.34.199.209', '', '', 'comcel'),
(923, '3203339486', 0, '8030480441', '172.34.199.211', '', '', 'comcel'),
(924, '3203339487', 0, '8030480458', '172.34.199.212', '', '', 'comcel'),
(925, '3203339488', 0, '8030480466', '172.34.199.213', '', '', 'comcel'),
(926, '3203339491', 0, '8030480490', '172.34.198.124', '', '', 'comcel'),
(927, '3203339494', 0, '5041858771', '172.34.198.145', '', '', 'comcel'),
(928, '3203339499', 0, '8030479476', '172.34.198.150', '', '', 'comcel'),
(929, '3203339500', 0, '8030479484', '172.34.198.151', '', '', 'comcel'),
(930, '3203339505', 0, '910418144', '172.34.193.110', '', '', 'comcel'),
(931, '3203339507', 0, '8030481357', '172.34.198.131', '', '', 'comcel'),
(932, '3203339508', 0, '8030481407', '172.34.198.132', '', '', 'comcel'),
(933, '3203339509', 0, '8030481456', '172.34.198.198', '', '', 'comcel'),
(934, '3203339510', 0, '1005059977', '172.34.198.200', '', '', 'comcel'),
(935, '3203339511', 0, '8030481555', '172.34.198.208', '', '', 'comcel'),
(936, '3203339512', 0, '8030481605', '172.34.199.8', '', '', 'comcel'),
(937, '3203339513', 0, '8030481654', '172.34.199.9', '', '', 'comcel'),
(938, '3203339515', 0, '1005059941', '172.34.199.11', '', '', 'comcel'),
(939, '3203339518', 0, '8030481860', '172.34.199.14', '', '', 'comcel'),
(940, '3203339520', 0, '8030494764', '172.34.192.199', '', '', 'comcel'),
(941, '3203339522', 0, '8030480805', '172.34.193.141', '', '', 'comcel'),
(942, '3203339523', 0, '8030480813', '172.34.193.152', '', '', 'comcel'),
(943, '3203339524', 0, '8030480821', '172.34.198.133', '', '', 'comcel'),
(944, '3203339525', 0, '8030480839', '172.34.198.134', '', '', 'comcel'),
(945, '3203339527', 0, '8030480854', '172.34.199.152', '', '', 'comcel'),
(946, '3203339528', 0, '8030480862', '172.34.199.156', '', '', 'comcel'),
(947, '3203339529', 0, '1005504593', '172.34.199.158', '', '', 'comcel'),
(948, '3203339530', 0, '8030480888', '172.34.199.160', '', '', 'comcel'),
(949, '3203339532', 0, '1005504594', '172.34.199.164', '', '', 'comcel'),
(950, '3203339533', 0, '8030480912', '172.34.199.168', '', '', 'comcel'),
(951, '3203339536', 0, '8030480946', '172.34.198.85', '', '', 'comcel'),
(952, '3203339538', 0, '8030480664', '172.34.198.87', '', '', 'comcel'),
(953, '3203339539', 0, '8030480672', '172.34.198.155', '', '', 'comcel'),
(954, '3203339541', 0, '8030480698', '172.34.198.157', '', '', 'comcel'),
(955, '3203339542', 0, '8030480706', '172.34.198.158', '', '', 'comcel'),
(956, '3203339543', 0, '8030480714', '172.34.198.159', '', '', 'comcel'),
(957, '3203339545', 0, '8030480730', '172.34.198.175', '', '', 'comcel'),
(958, '3203339547', 0, '8030480755', '172.34.198.223', '', '', 'comcel'),
(959, '3203339548', 0, '8030480763', '172.34.198.224', '', '', 'comcel'),
(960, '3203339551', 0, '1005504662', '172.34.198.228', '', '', 'comcel'),
(961, '3203339555', 0, '8030495126', '172.34.193.153', '', '', 'comcel'),
(962, '3203339556', 0, '8030495076', '172.34.193.160', '', '', 'comcel'),
(963, '3203339557', 0, '8030495027', '172.34.193.172', '', '', 'comcel'),
(964, '3203339558', 0, '8030494970', '172.34.198.135', '', '', 'comcel'),
(965, '3203339560', 0, '8030494871', '172.34.198.137', '', '', 'comcel'),
(966, '3203339561', 0, '8030494822', '172.34.198.138', '', '', 'comcel'),
(967, '3203339562', 0, '8030494772', '172.34.198.139', '', '', 'comcel'),
(968, '3203339563', 0, '8030481928', '172.34.198.140', '', '', 'comcel'),
(969, '3203339564', 0, '8030481829', '172.34.198.141', '', '', 'comcel'),
(970, '3203339566', 0, '8030481837', '172.34.198.164', '', '', 'comcel'),
(971, '3203339568', 0, '8030494913', '172.34.198.166', '', '', 'comcel'),
(972, '3203339569', 0, '8030494962', '172.34.198.167', '', '', 'comcel'),
(973, '3203339570', 0, '8030495019', '172.34.198.168', '', '', 'comcel'),
(974, '3203339571', 0, '8030495068', '172.34.198.169', '', '', 'comcel'),
(975, '3203339572', 0, '8030495118', '172.34.199.122', '', '', 'comcel'),
(976, '3203339582', 0, '1005504664', '172.34.199.174', '', '', 'comcel'),
(977, '3203339583', 0, '8030481936', '172.34.198.88', '', '', 'comcel'),
(978, '3203339586', 0, '8030494889', '172.34.198.91', '', '', 'comcel'),
(979, '3203339588', 0, '8030494988', '172.34.198.110', '', '', 'comcel'),
(980, '3203339597', 0, '910418154', '172.34.193.99', '', '', 'comcel'),
(981, '3203339598', 0, '8030480516', '172.34.199.3', '', '', 'comcel'),
(982, '3203339599', 0, '8030480524', '172.34.199.192', '', '', 'comcel'),
(983, '3203339601', 0, '8030480540', '172.34.199.194', '', '', 'comcel'),
(984, '3203339602', 0, '1005504665', '172.34.199.195', '', '', 'comcel'),
(985, '3203339603', 0, '8030480565', '172.34.194.170', '', '', 'comcel'),
(986, '3203339604', 0, '8030480573', '172.34.195.19', '', '', 'comcel'),
(987, '3203339606', 0, '8030480599', '172.34.196.111', '', '', 'comcel'),
(988, '3203339607', 0, '8030480607', '172.34.196.130', '', '', 'comcel'),
(989, '3203339609', 0, '8030480623', '172.34.198.142', '', '', 'comcel'),
(990, '3203339611', 0, '8030480649', '172.34.198.144', '', '', 'comcel'),
(991, '3203339612', 0, '8030480953', '172.34.198.161', '', '', 'comcel'),
(992, '3203339613', 0, '8030495464', '172.34.198.162', '', '', 'comcel'),
(993, '3203339615', 0, '8030495480', '172.34.198.171', '', '', 'comcel'),
(994, '3203339616', 0, '8030495498', '172.34.198.172', '', '', 'comcel'),
(995, '3203339617', 0, '8030495506', '172.34.198.173', '', '', 'comcel'),
(996, '3203339626', 0, '8030481852', '172.34.199.18', '', '', 'comcel'),
(997, '3203339628', 0, '8030481845', '172.34.199.82', '', '', 'comcel'),
(998, '3203339629', 0, '8030481894', '172.34.199.84', '', '', 'comcel'),
(999, '3203339630', 0, '8030481944', '172.34.199.85', '', '', 'comcel'),
(1000, '3203339632', 0, '8030494848', '172.34.199.88', '', '', 'comcel'),
(1001, '3203339633', 0, '8030494897', '172.34.199.89', '', '', 'comcel'),
(1002, '3203339635', 0, '8030494996', '172.34.199.94', '', '', 'comcel'),
(1003, '3203339642', 0, '8030481902', '172.34.199.96', '', '', 'comcel'),
(1004, '3203339643', 0, '8030481951', '172.34.199.97', '', '', 'comcel'),
(1005, '3203339644', 0, '8030494806', '172.34.199.98', '', '', 'comcel'),
(1006, '3203339645', 0, '8030494855', '172.34.199.99', '', '', 'comcel'),
(1007, '3203339646', 0, '8030494905', '172.34.199.100', '', '', 'comcel'),
(1008, '3203339648', 0, '8030495001', '172.34.199.103', '', '', 'comcel'),
(1009, '3203339650', 0, '8030495100', '172.34.199.128', '', '', 'comcel'),
(1010, '3203495420', 0, '1005504591', '172.34.199.242', '', '', 'comcel'),
(1011, '3203495421', 0, '1005504592', '172.34.199.243', '', '', 'comcel'),
(1012, '3203495425', 0, '1005504658', '172.34.199.247', '', '', 'comcel'),
(1013, '3203495434', 0, '8060119232', '172.34.200.4', '', '', 'comcel'),
(1014, '3203495438', 0, '8060119273', '172.34.200.8', '', '', 'comcel'),
(1015, '3203495439', 0, '8060119281', '172.34.200.9', '', '', 'comcel'),
(1016, '3203495480', 0, '8060119695', '172.34.199.250', '', '', 'comcel'),
(1017, '3203495484', 0, '8060119737', '172.34.200.14', '', '', 'comcel'),
(1018, '3203495488', 0, '8060119778', '172.34.200.18', '', '', 'comcel'),
(1019, '3203495489', 0, '8060119786', '172.34.200.19', '', '', 'comcel'),
(1020, '3203495490', 0, '8060119794', '172.34.200.20', '', '', 'comcel'),
(1021, '3203495493', 0, '8060119828', '172.34.200.23', '', '', 'comcel'),
(1022, '3203495498', 0, '8060119877', '172.34.200.28', '', '', 'comcel'),
(1023, '3203495508', 0, '1005504661', '172.34.200.51', '', '', 'comcel'),
(1024, '3203495509', 0, '8060119984', '172.34.200.52', '', '', 'comcel'),
(1025, '3203495558', 0, '910418196', '172.34.193.19', '', '', 'comcel'),
(1026, '3203495559', 0, '910418170', '172.34.193.17', '', '', 'comcel'),
(1027, '3203495659', 0, '8072945517', '172.34.200.172', '', '', 'comcel'),
(1028, '3203495695', 0, '1005504620', '172.34.201.81', '', '', 'comcel'),
(1029, '3203495698', 0, '1005504621', '172.34.201.78', '', '', 'comcel'),
(1030, '3203495699', 0, '1005504622', '172.34.201.77', '', '', 'comcel'),
(1031, '3203495700', 0, '8072945921', '172.34.201.76', '', '', 'comcel'),
(1032, '3203495701', 0, '1005504623', '172.34.201.75', '', '', 'comcel'),
(1033, '3203495702', 0, '1005504655', '172.34.201.74', '', '', 'comcel'),
(1034, '3203495704', 0, '1005002503', '172.34.201.72', '', '', 'comcel'),
(1035, '3203495706', 0, '1005002551', '172.34.201.70', '', '', 'comcel'),
(1036, '3203495707', 0, '1005002556', '172.34.201.69', '', '', 'comcel'),
(1037, '3203495711', 0, '8072946036', '172.34.200.213', '', '', 'comcel'),
(1038, '3204491445', 0, '8136692519', '172.34.197.37', '', '', 'comcel'),
(1039, '3204491934', 0, '1005059955', '172.34.201.97', '', '', 'comcel'),
(1040, '3204491995', 0, '910418202', '172.34.193.81', '', '', 'comcel'),
(1041, '3204493582', 0, '910418181', '172.34.192.228', '', '', 'comcel'),
(1042, '3204493587', 0, '1005002493', '172.34.202.188', '', '', 'comcel'),
(1043, '3204493622', 0, '910418160', '172.34.193.77', '', '', 'comcel'),
(1044, '3204493641', 0, '1005002495', '172.34.202.201', '', '', 'comcel'),
(1045, '3204493656', 0, '8071568484', '172.34.203.184', '', '', 'comcel'),
(1046, '3204493696', 0, '910418210', '172.34.193.75', '', '', 'comcel'),
(1047, '3204493697', 0, '8071515154', '172.34.203.26', '', '', 'comcel'),
(1048, '3204493723', 0, '910418208', '172.34.193.72', '', '', 'comcel'),
(1049, '3204493731', 0, '1005002497', '172.34.203.105', '', '', 'comcel'),
(1050, '3204493740', 0, '910418206', '172.34.192.222', '', '', 'comcel'),
(1051, '3204493748', 0, '8071515501', '172.34.202.167', '', '', 'comcel'),
(1052, '3204493758', 0, '1005002511', '172.34.203.57', '', '', 'comcel'),
(1053, '3204493798', 0, '1005002513', '172.34.202.98', '', '', 'comcel'),
(1054, '3204493828', 0, '1005002528', '172.34.202.142', '', '', 'comcel'),
(1055, '3204493832', 0, '8071514447', '172.34.202.123', '', '', 'comcel'),
(1056, '3204493836', 0, '8071514561', '172.34.203.6', '', '', 'comcel'),
(1057, '3204493866', 0, '1005386045', '172.34.203.151', '', '', 'comcel'),
(1058, '3204889455', 0, '', '172.34.193.60', '', '', 'comcel'),
(1059, '3204889469', 0, '910418173', '172.34.193.10', '', '', 'comcel'),
(1060, '3204889492', 0, '910418204', '172.34.193.46', '', '', 'comcel'),
(1061, '3204889498', 0, '910418178', '172.34.193.8', '', '', 'comcel'),
(1062, '3204889519', 0, '910418174', '172.34.193.1', '', '', 'comcel'),
(1063, '3204889520', 0, '910418205', '172.34.193.44', '', '', 'comcel'),
(1064, '3204986516', 0, '8122044493', '172.34.203.246', '', '', 'comcel'),
(1065, '3204986523', 0, '1004261143', '172.34.193.36', '', '', 'comcel'),
(1066, '3204986525', 0, '910418166', '172.34.193.142', '', '', 'comcel'),
(1067, '3204986530', 0, '910418167', '172.34.193.140', '', '', 'comcel'),
(1068, '3204986567', 0, '1004358902', '172.34.204.62', '', '', 'comcel'),
(1069, '3204986568', 0, '8123896339', '172.34.204.63', '', '', 'comcel'),
(1070, '3204986579', 0, '1004261102', '172.34.204.110', '', '', 'comcel'),
(1071, '3204986580', 0, '1004261101', '172.34.204.111', '', '', 'comcel'),
(1072, '3204986584', 0, '910418179', '172.34.193.136', '', '', 'comcel'),
(1073, '3204986593', 0, '8123896156', '172.34.204.124', '', '', 'comcel'),
(1074, '3204986595', 0, '910418164', '172.34.193.128', '', '', 'comcel'),
(1075, '3204986598', 0, '1004261128', '172.34.204.30', '', '', 'comcel'),
(1076, '3204986603', 0, '910418213', '172.34.193.119', '', '', 'comcel'),
(1077, '3204986629', 0, '1004261130', '172.34.204.93', '', '', 'comcel'),
(1078, '3204986632', 0, '', '172.34.193.31', '', '', 'comcel'),
(1079, '3204986635', 0, '910418146', '172.34.193.30', '', '', 'comcel'),
(1080, '3204986638', 0, '8123896008', '172.34.204.58', '', '', 'comcel'),
(1081, '3204986652', 0, '910418191', '172.34.193.24', '', '', 'comcel'),
(1082, '3204987277', 0, '8139156512', '172.34.193.173', '', '', 'comcel'),
(1083, '3204987308', 0, '8139157122', '172.34.193.57', '', '', 'comcel'),
(1084, '3204987354', 0, '8139157700', '172.34.196.175', '', '', 'comcel'),
(1085, '3204987431', 0, '912801363', '172.34.204.141', '', '', 'comcel'),
(1086, '3204987432', 0, '912801392', '172.34.204.142', '', '', 'comcel'),
(1087, '3204987433', 0, '912801361', '172.34.204.169', '', '', 'comcel'),
(1094, '3107848271', 1102506107, '', '', '', '', ''),
(1095, '3138703090', 1102506109, '', '', '', '', ''),
(1096, '3138861399', 1102503106, '', '', '', '', ''),
(1097, '3138861523', 1102505827, '', '', '', '', ''),
(1098, '3202113212', 1102505828, '172.34.195.163', '', '', '', ''),
(1099, '3202113262', 1102505847, '', '', '', '', ''),
(1100, '3202113283', 1102505850, '', '', '', '', ''),
(1101, '3202113356', 1102505852, '', '', '', '', ''),
(1102, '3202113372', 1102505829, '172.34.198.15', '', '', '', ''),
(1103, '3202113426', 1102505853, '', '', '', '', ''),
(1104, '3203339413', 1012299898, '', '', '', '', ''),
(1105, '3203339471', 1102505858, '', '', '', '', ''),
(1106, '3203339531', 1102505859, '', '', '', '', ''),
(1107, '3203339549', 1102505862, '', '', '', '', ''),
(1108, '3204491532', 1102506080, '', '', '', '', ''),
(1109, '3204493663', 1102506104, '', '', '', '', ''),
(1110, '3204493729', 1102505870, '', '', '', '', ''),
(1111, '3204889451', 1102505871, '', '', '', '', ''),
(1112, '3204889477', 1102506103, '', '', '', '', ''),
(1113, '3204986571', 1102505881, '', '', '', '', ''),
(1114, '3204986573', 1102505873, '', '', '', '', ''),
(1115, '3204986591', 1102505876, '', '', '', '', ''),
(1116, '3204986596', 1102505877, '', '', '', '', ''),
(1117, '3204986611', 1102506105, '', '', '', '', ''),
(1118, '3204987345', 1102505879, '', '', '', '', ''),
(1119, '3138705278', 1104990147, '', '', '', '', ''),
(1120, '3138861390', 1104990148, '', '', '', '', ''),
(1121, '3138861424', 1104990150, '', '', '', '', ''),
(1122, '3138861469', 1104990155, '', '', '', '', ''),
(1123, '3138861534', 1104990159, '', '', '', '', ''),
(1124, '3138861536', 1104990160, '', '', '', '', ''),
(1125, '3202113337', 1104990162, '', '', '', '', ''),
(1126, '3202113352', 1104990164, '', '', '', '', ''),
(1127, '3203339405', 1105012454, '', '', '', '', ''),
(1128, '3203339418', 1105012456, '', '', '', '', ''),
(1129, '3203495492', 1105012457, '', '', '', '', ''),
(1130, '3203495694', 1105012458, '', '', '', '', ''),
(1131, '3204493712', 1105012459, '', '', '', '', ''),
(1132, '3204493715', 1105012460, '', '', '', '', ''),
(1133, '3204987430', 1105012462, '', '', '', '', ''),
(1134, '3107848186', 0, '', '', '', '', ''),
(1135, '3107848453', 0, '', '', '', '', ''),
(1136, '3107848498', 0, '', '', '', '', ''),
(1137, '3122864202', 0, '', '', '', '', ''),
(1138, '3138703090', 0, '', '', '', '', ''),
(1139, '3138703097', 0, '', '', '', '', ''),
(1140, '3138705294', 0, '', '', '', '', ''),
(1141, '3138705298', 0, '', '', '', '', ''),
(1142, '3138861369', 0, '', '', '', '', ''),
(1143, '3138861390', 0, '', '', '', '', ''),
(1144, '3138861391', 0, '', '', '', '', ''),
(1145, '3138861395', 0, '', '', '', '', ''),
(1146, '3138861399', 0, '', '', '', '', ''),
(1147, '3138861409', 0, '', '', '', '', ''),
(1148, '3138861411', 0, '', '', '', '', ''),
(1149, '3138861418', 0, '', '', '', '', ''),
(1150, '3138861423', 0, '', '', '', '', ''),
(1151, '3138861470', 0, '', '1', '', '', ''),
(1152, '3138861482', 0, '', '', '', '', ''),
(1153, '3138861489', 0, '', '', '', '', ''),
(1154, '3202113329', 2147483647, '3202113329', '172.34.193.166', '3202113329', 'CHQUINQUIRA', 'CLARO'),
(1155, '3203495703', 0, '1107771384', '172.34.201.73', '', '', 'CLARO'),
(1156, '3185713802', 7106, '123110541476752', '10.57.106.188', '', 'AMAZONAS', 'movistar'),
(1157, '3162466218 ', 7848, '474831 ', '10.57.107.57', '', 'AMAZONAS', 'movistar'),
(1158, '3162466218 ', 7848, '474831 ', '10.57.107.57', '', 'AMAZONAS', 'movistar'),
(1159, '3175170277', 3903, '1475325', '', '', 'Duitama', 'Movistar'),
(1160, '3185713842', 2978, '123110541476778', '', '', '', ''),
(1161, '3175135675', 4850, '123110527485629', '10.57.107.63', '', 'chiqui', 'movistar'),
(1162, '3138705277', 0, '731244', '172.34.193.159', '', '', 'COMCEL'),
(1163, '3175164546', 6583, '123410508805070', '10.57.107.82', '', 'chiqui', ''),
(1164, '3175859126', 4078, '123510607300483', '10.57.104.116', '', '', ''),
(1165, '3164740697', 9008, '402665763', '10.57.107.107', '0', 'chiqui', 'movistar'),
(1166, '3175859090', 1995, '665854', '10.57.104.180', '0', 'chiqui', 'movistar'),
(1167, '3182097357', 5660, '9501116', '', '', '', ''),
(1168, '3176565139', 4492, '3015205', '10.57.107.169', '762199', 'chiquinquira', 'movistar'),
(1169, '3173687129', 7000, '3015494', '10.57.107.170', '0', '123', 'Movistar'),
(1170, '3175859090', 1995, '123611402665854', '10.57.104.180', '0', 'CHIQUINQUIRA', 'Movistar'),
(1171, '3164220001', 4916, '10541476963', '10.57.106.86', '', 'AMAZONAS', ''),
(1172, '3164220001', 4916, '10541476963', '10.57.106.86', '', 'AMAZONAS', ''),
(1173, '3176565126', 2633, '4g1c2123311403015627', '10.57.107.168', '761667', 'chiquinquira', 'movistar'),
(1174, '3175016868', 9195, '123110527485850', '', '', 'DUITAMA', 'MOVISTAR'),
(1175, '3138861511', 0, '57101401510775774', '172.34.192.196', '0', 'chiquinquira', 'comcel'),
(1176, '3138861499', 0, '57101401510775780', '172.34.192.223', '0', 'chiquinquira', 'comcel'),
(1177, '3204986595', 0, '57101401510775783', '172.34.193.128', '0', 'chiquinquira', 'comcel'),
(1178, '3138861522', 0, '57101401510775773', '172.34.192.168', '0', 'chiquinquira', 'comcel'),
(1179, '3138861502', 0, '57101401510775777', '172.34.192.217', '0', 'chiquinquira', 'comcel'),
(1180, '3138861502', 0, '57101401510775777', '172.34.192.217', '0', 'chiquinquira', 'comcel'),
(1181, '3164740697', 5640, '129408', '10.56.100.96', '', 'SOATA', 'MOVISTAR'),
(1182, '3174423487', 5884, '44129424', '10.56.102.216', '', 'SOATA', 'MOVISTAR'),
(1183, '3174423519', 5102, '44129416', '10.56.101.246', '', 'SOATA', 'MOVISTAR'),
(1184, '3175859109', 6061, '44129473', '10.57.104.114', '', 'SOATA', 'MOVISTAR'),
(1185, '3144432998', 0, '57101401510775763', '172.34.197.2', '0', 'CHIQUINQUIRA', 'CLARO'),
(1186, '3202113384', 0, '57101401510775775', '172.34.198.27', '0', 'CHIQUINQUIRA', 'CLARO'),
(1187, '3202113328', 0, '57101401510775792', '172.34.197.227', '0', 'CHIQUINQUIRA', 'CLARO'),
(1188, '3203339328', 0, '57101401510775795', '172.34.198.177', '0', 'CHIQUINQUIRA', 'CLARO'),
(1189, '3203339416', 0, '57101401510775778', '172.34.199.190', '0', 'CHIQUINQUIRA', 'CLARO'),
(1190, '3203339446', 0, '57101401510775776', '172.34.199.143', '0', 'CHIQUINQUIRA', 'CLARO'),
(1191, '3203339511', 0, '57101401510775789', '172.34.198.208', '0', 'CHIQUINQUIRA', 'CLARO'),
(1192, '3203339568', 0, '57101401510775796', '172.34.198.166', '0', 'CHIQUINQUIRA', 'CLARO'),
(1193, '3203495422', 0, '57101401510775766', '172.34.199.244', '0', 'CHIQUINQUIRA', 'CLARO'),
(1194, '3204491445', 0, '57101401510775794', '172.34.197.37', '0', 'CHIUQINQUIRA', 'CLARO'),
(1195, '3188015920', 1278, '475051', '', '', 'AMAZONAS', 'MOVISTAR'),
(1196, '3188833385', 7545, '123110544129622', '', '', '', 'MOVISTAR'),
(1197, '3185713711', 4479, '123110544129648', '', '', '', 'MOVISTAR'),
(1198, '3185713747', 4653, '123110544129655', '', '', '', 'MOVISTAR'),
(1199, '3186514515', 6369, '123110544129630', '', '', '', 'MOVISTAR'),
(1200, '3175170307', 4023, '123110544129606', '', '', '', 'MOVISTAR'),
(1201, '3164635653', 4584, '123110544129713', '', '', '', 'MOVISTAR'),
(1202, '3182097366', 2066, '123110544129598', '', '', '', 'MOVISTAR'),
(1203, '3174355041', 2510, '15361', '10.57.107.178', '', 'SOATA', 'MOVISTAR'),
(1204, '3204986585', 0, '1102505875', '172.34.204.116', '0', 'chiquinquira', 'comcel'),
(1205, '3176360052', 1477, '403015403', '', '', 'SOATA', 'MOVISTAR'),
(1206, '3175170712', 6754, '12311541476471', '10.57.105.164', '', '', ''),
(1207, '3175170350', 4293, '475028', '0', '0', 'chiquinquira', 'movistar'),
(1208, '3202113271', 0, '1105008166', '172.34.197.171', '0', '0', '0'),
(1209, '3202113371', 0, '1105008167', '172.34.198.14', '0', 'chiquinquira', 'claro'),
(1210, '3164740506', 2992, '123110544084140', '10.56.100.235', '', '', ''),
(1211, '3204491958', 0, '401510775773', '172.34.202.74', '0', 'chiqui', 'comcel'),
(1212, '3204491958', 0, '1310804339', '172.34.202.74', '0', 'chiqui', ''),
(1213, '3164220001', 4916, '474963', '10.57.106.86', '0', '0', '0'),
(1214, '3138705297', 0, '299948', '172.34.192.140 ', '0', '0', '0'),
(1215, '3174355041', 2510, '3015361', '', '', 'SOATA', 'MOVISTAR'),
(1216, '3175170320', 2596, '485793', '10.57.105.64', '0', 'muzo', 'movistar'),
(1217, '3175170320', 2596, '485793', '10.57.105.64', '0', 'muzo', 'movistar'),
(1218, '3185713865    ', 2806, '123110527485595', '10.57.106.211', '0', 'chiqui', 'movistar'),
(1219, '3185713821', 6215, '123110527535555', '10.57.106.194', '0', 'ch', 'movistar');

--
-- Índices para tablas volcadas
--

--
-- Indices de la tabla `departamento`
--
ALTER TABLE `departamento`
  ADD PRIMARY KEY (`id`);

--
-- Indices de la tabla `sim`
--
ALTER TABLE `sim`
  ADD PRIMARY KEY (`id`);

--
-- AUTO_INCREMENT de las tablas volcadas
--

--
-- AUTO_INCREMENT de la tabla `sim`
--
ALTER TABLE `sim`
  MODIFY `id` int(11) NOT NULL AUTO_INCREMENT,AUTO_INCREMENT=1220;
/*!40101 SET CHARACTER_SET_CLIENT=@OLD_CHARACTER_SET_CLIENT */;
/*!40101 SET CHARACTER_SET_RESULTS=@OLD_CHARACTER_SET_RESULTS */;
/*!40101 SET COLLATION_CONNECTION=@OLD_COLLATION_CONNECTION */;
